,,,综合得分,国际学生占比,国际教师比例,师生比,每位教员引用率,学术声誉,雇主声誉
1,麻省理工学院,,100,91.4,100,100,100,100,100
2,牛津大学,,99.5,98.5,99.5,100,96,100,100
3,斯坦福大学,,98.7,67,99.8,100,99.9,100,100
3,剑桥大学,,98.7,97.7,100,100,92.1,100,100
5,哈佛大学,,98,70.1,84.2,99.1,100,100,100
6,加州理工大学（Caltech),,97.4,87.7,99.4,100,100,96.7,89.9
7,帝国理工学院,,97.3,100,100,99.8,88.1,98.4,99.8
8,苏黎世联邦理工大学（瑞士联邦理工学院）,,95.4,98.2,100,80.4,99.8,98.7,95.3
8,伦敦大学学院,,95.4,100,99.5,99,78,99.4,98.9
10,芝加哥大学,,94.5,84.9,71.9,95.5,90.6,99.2,93.5
11,新加坡国立大学,,93.9,70.3,100,86.8,90.6,99.6,97.1
12,南洋理工大学,,90.8,69.6,100,89.5,95.5,91.1,85
13,宾夕法尼亚大学,,90.7,58.1,94.1,100,74,96.2,93.8
14,洛桑联邦理工学院（EPFL),,90.2,100,100,94.8,99.8,82.4,79.7
14,耶鲁大学,,90.2,69.8,87.9,100,59.9,99.9,100
16,爱丁堡大学,,89.9,99.6,99.3,83.5,69.5,98,97.3
17,清华大学,,89,26.3,15.3,90.6,96,98.6,97.6
,?China (Mainland),,,,,,,,
18,北京大学,,88.8,38.5,45.6,83.5,89.5,99.4,98.2
,?China (Mainland),,,,,,,,
19,哥伦比亚大学,,88.7,98.4,52.7,100,55.6,99.6,98.4
,?United States,,,,,,,,
20,普林斯顿大学,,88.6,63.2,28.1,68.7,100,99.9,99.2
,?United States,,,,,,,,
21,康奈尔大学,,88.3,66.1,75.6,61.3,98.9,98.4,93.9
,?United States,,,,,,,,
22,香港大学（HKU）,,86.3,98.9,100,85.4,62.1,97.9,73.1
,?Hong Kong SAR,,,,,,,,
23,东京大学,,86.2,28.5,3.3,92.4,79,100,99.6
,?Japan,,,,,,,,
23,密歇根大学,,86.2,34.9,63.4,90.2,70.5,98.6,93
,?United States,,,,,,,,
25,约翰霍普金斯大学,,85.9,91.7,55.1,100,89.9,87.6,51.6
,?United States,,,,,,,,
26,多伦多大学,,85.3,94.9,98.6,69.4,58.8,99.5,98.2
,?Canada,,,,,,,,
27,麦吉尔大学,,84,96.6,92.2,73.3,65.5,92.5,94.4
,?Canada,,,,,,,,
27,澳大利亚国立大学（ANU),,84,98.8,100,44.4,95.4,94.6,79.3
,?Australia,,,,,,,,
27,曼彻斯特大学,,84,99.3,94,72.5,58.1,95.2,98
,?United Kingdom,,,,,,,,
30,西北大学,,82.8,49.6,30,99.3,87.1,84.4,74.7
,?United States,,,,,,,,
31,复旦大学,,82.6,45.5,93.3,91.5,71.1,84.8,89.1
,?China (Mainland),,,,,,,,
32,加州大学伯克利分校,,82.5,55.3,95.4,23.3,99.9,100,100
,?United States,,,,,,,,
33,京都大学,,82.3,22.7,5.4,96,60.3,98.7,97.8
,?Japan,,,,,,,,
34,香港科技大学（HKUST),,82.2,89.2,100,64.8,98.2,84.2,60.7
,?Hong Kong SAR,,,,,,,,
35,伦敦国王学院,,82,100,99.2,83.4,53.9,88.9,86.2
,?United Kingdom,,,,,,,,
36,首尔国立大学,,81.7,8.9,4,83.9,75,98.3,96.5
,?South Korea,,,,,,,,
37,墨尔本大学,,81.4,99.9,97.1,19.9,89.7,98.9,97.3
,?Australia,,,,,,,,
38,悉尼大学,,80.4,100,100,20.9,87.9,96.8,95.4
,?Australia,,,,,,,,
39,香港中文大学,,80.3,91.8,100,62.6,83.2,88.8,56.7
,?Hong Kong SAR,,,,,,,,
40,加州大学洛杉矶分校,,79.7,26.7,28.9,42.5,90.5,100,99.9
,?United States,,,,,,,,
41,韩国科学技术研究所,,79.1,12,8.5,73.1,98.8,87.5,83.1
,?South Korea,,,,,,,,
42,纽约大学（NYU）,,78.9,95.6,14.6,96.6,27.7,95.9,98.6
,?United States,,,,,,,,
43,新南威尔士大学（UNSW）,,77.7,99.8,100,15.2,93.5,90.4,94.4
,?Australia,,,,,,,,
,推荐,,,,,,,,
44,巴黎科学艺术人文大学,,77.6,70.5,57.5,99.9,55.1,75.8,95.9
,?France,,,,,,,,
45,浙江大学,,77.4,63,98.5,88,69,71.2,91.5
,?China (Mainland),,,,,,,,
46,不列颠哥伦比亚大学,,77.1,79,89.1,52.7,46.8,97.6,94.2
,?Canada,,,,,,,,
47,昆士兰大学（UQ）,,76.6,100,100,25.4,89.4,88.2,80.2
,?Australia,,,,,,,,
48,加州大学圣地亚哥分校,,76.1,61.8,39.2,62.6,78.4,91,61.1
,?United States,,,,,,,,
49,巴黎理工学院,,75.9,98.1,94.3,99.6,91.6,44.8,98.6
,?France,,,,,,,,
49,伦敦经济政治学院,,75.8,100,100,45,87.8,72.4,99.2
,?United Kingdom,,,,,,,,
50,上海交通大学,,75.6,36.3,25,55.2,95.6,83.4,86.7
,?China (Mainland),,,,,,,,
50,慕尼黑工业大学,,75.6,91.2,56.9,94.5,27.2,84.5,97.6
,?Germany,,,,,,,,
52,杜克大学,,75.2,57.4,,100,45.4,86.9,81.8
,?United States,,,,,,,,
53,卡内基梅隆大学,,74.6,99.1,34.6,55,99.9,72.7,75
,?United States,,,,,,,,
53,香港城市大学,,74.6,99.9,100,89.7,96.5,59.4,33
,?Hong Kong SAR,,,,,,,,
,?5+ QS Stars,,,,,,,,
55,阿姆斯特丹大学,,73.8,72.9,88.7,33.6,99.5,83.1,55.6
,?Netherlands,,,,,,,,
56,东京工业大学,,73.5,36.2,13.7,87.6,71.1,74.6,91.1
,?Japan,,,,,,,,
57,代尔夫特理工大学,,73.1,85.9,100,41.8,87.8,71.9,87.9
,?Netherlands,,,,,,,,
58,蒙纳士大学,,72.2,100,100,13.9,73.9,88.9,87.2
,?Australia,,,,,,,,
60,布朗大学,,71.3,54,78.2,83.2,94.5,58.1,56.3
,?United States,,,,,,,,
61,华威大学,,71.2,99.4,99,52.1,61.4,73.1,90.8
,?United Kingdom,,,,,,,,
62,布里斯托大学,,71,83.6,91.3,67.5,50.7,74.7,84.3
,?United Kingdom,,,,,,,,
63,鲁普莱希特-卡尔斯-海德堡大学,,70.8,54.7,36.6,99.7,47,80.1,45.7
,?Germany,,,,,,,,
64,路德维希 - 马克西米利安 - 慕尼黑大学,,70.1,38,49.1,52.7,50,92.8,77.5
,?Germany,,,,,,,,
65,马来亚大学（UM）,,69.8,42.6,43.6,76.5,49.6,76.9,91.7
,?Malaysia,,,,,,,,
,?5 QS Stars,,,,,,,,
66,香港理工大学,,69.1,81.3,100,79.2,63.8,67.1,42.9
,?Hong Kong SAR,,,,,,,,
,推荐,,,,,,,,
67,德克萨斯大学奥斯汀分校,,68.4,15.4,2.1,9.5,96.6,93.6,86.1
,?United States,,,,,,,,
68,台湾大学,,68.2,39.2,7,40.8,58.7,92.3,87.4
,?Taiwan,,,,,,,,
69,布宜诺斯艾利斯大学,,67.9,71.1,52.8,78.2,1.9,90.2,93.4
,?Argentina,,,,,,,,
70,鲁汶大学,,67.2,41.4,90.3,8.1,96.9,84.4,56.1
,?Belgium,,,,,,,,
70,苏黎世大学,,67.2,57.8,100,96.6,53.3,59.3,52.8
,?Switzerland,,,,,,,,
72,索邦大学,,67.1,54.2,14.5,37.4,75.4,90.2,47.4
,?France,,,,,,,,
73,格拉斯哥大学,,66.8,97.9,95.8,59.6,38.7,74.4,74
,?United Kingdom,,,,,,,,
,?5+ QS Stars,,,,,,,,
74,高丽大学,,66.3,34,4.3,89.5,30.6,77.6,90.4
,?South Korea,,,,,,,,
75,大阪大学,,66.2,15.1,7.7,79.1,43.4,80.6,80.6
,?Japan,,,,,,,,
75,威斯康星大学麦迪逊分校,,66.2,27.5,8.1,69.2,58.4,83.4,52.8
,?United States,,,,,,,,
77,南安普敦大学,,65.7,96.9,97.9,59.8,85.4,51.5,60.1
,?United Kingdom,,,,,,,,
78,罗蒙诺索夫莫斯科国立大学,,65.6,87.8,7.3,99.8,5.9,79.5,76.5
,?Russia,,,,,,,,
79,哥本哈根大学,,65.5,25.9,91.7,100,27.5,73.5,44.2
,?Denmark,,,,,,,,
79,延世大学,,65.5,44.1,7.1,89.6,34.4,71.6,92.6
,?South Korea,,,,,,,,
81,浦项科技大学,,65.4,3,17.6,100,99.7,44.3,64.1
,?South Korea,,,,,,,,
82,杜伦大学,,65.2,91.5,97.8,35.8,80.6,58.3,88.6
,?United Kingdom,,,,,,,,
82,东北大学,,65.2,16.5,3.6,98.4,41.3,71.4,73.8
,?Japan,,,,,,,,
82,伊利诺伊大学香槟分校,,65.2,58.1,8,9.8,93.8,86.4,63.5
,?United States,,,,,,,,
85,奥克兰大学,,65,94.3,99.5,23.7,55.1,83.8,57.3
,?New Zealand,,,,,,,,
85,华盛顿大学,,65,38.8,17,12.2,100,85.4,53
,?United States,,,,,,,,
86,巴黎第十一大学,,64.9,46.5,24.7,99.2,46.2,55.5,98.1
,?France,,,,,,,,
87,隆德大学,,63.8,68.3,92.4,52.6,55.2,70.5,57.2
,?Sweden,,,,,,,,
88,乔治亚理工学院(Georgia Tech),,63.5,64.1,71.3,6.9,100,67.8,79.4
,?United States,,,,,,,,
89,皇家理工学院,,63.2,62.7,97,69.8,78.2,47.3,64.1
,?Sweden,,,,,,,,
90,伯明翰大学,,62.9,90,91.6,51.9,47.4,65.5,74.6
,?United Kingdom,,,,,,,,
91,圣安德鲁斯大学,,62.8,99.7,99.1,67.6,69.7,46.7,64.7
,?United Kingdom,,,,,,,,
92,利兹大学,,62.6,89.4,83.9,44,43.4,70.6,79.5
,?United Kingdom,,,,,,,,
93,西澳大学（UWA）,,62.5,99.9,100,20.4,94.9,58.5,58.1
,?Australia,,,,,,,,
94,赖斯大学,,62.3,88.5,89.1,78,93.1,40,29.4
,?United States,,,,,,,,
95,谢菲尔德大学,,61.6,98.1,83.7,66.8,44.5,60.4,57.9
,?United Kingdom,,,,,,,,
96,宾夕法尼亚州立大学,,61.5,32.6,10,32.5,74.4,75.9,73.2
,?United States,,,,,,,,
97,成均馆大学,,60.5,38.5,7.2,85.4,46.8,61.5,68.8
,?South Korea,,,,,,,,
98,中国科学技术大学,,60.1,6.4,8.4,83.6,99.9,52.4,14.4
,?China (Mainland),,,,,,,,
99,丹麦技术大学,,59.9,76.6,100,100,75,32.1,30
,?Denmark,,,,,,,,
100,北卡罗来纳大学教堂山,,59.6,11.1,11.8,80.9,53.9,66.3,47.2
,?United States,,,,,,,,
101,都柏林三一学院,,59.5,94.2,99.9,27.7,58.9,68.2,48.9
,?Ireland,,,,,,,,
102,奥斯陆大学,,59,29,85,85.5,61,55.4,16.3
,?Norway,,,,,,,,
103,诺丁汉大学,,58.9,83.6,90.3,43.5,51,59.1,74.2
,?United Kingdom,,,,,,,,
104,赫尔辛基大学,,58.5,6.2,56.5,68.5,49.6,67.2,45.8
,?Finland,,,,,,,,
105,墨西哥国立自治大学,,58.3,3.5,2.9,49.9,3,94.6,93.2
,?Mexico,,,,,,,,
105,日内瓦大学,,58.3,97.3,100,47.4,83.7,48.7,24.4
,?Switzerland,,,,,,,,
107,华盛顿大学在圣路易斯,,58,68.6,79,99.9,61,41.3,16.3
,?United States,,,,,,,,
108,阿德莱德大学,,57.9,99.7,100,21.9,90.1,53.3,39.8
,?Australia,,,,,,,,
108,加州大学戴维斯分校,,57.9,64.8,76.4,29.7,65.9,66.9,47.2
,?United States,,,,,,,,
109,阿卜杜勒·阿齐兹国王大学（KAU）,,57.7,56.3,99.5,68.9,63.8,41.3,65.7
,?Saudi Arabia,,,,,,,,
110,乌得勒支大学,,57.5,24.4,45.5,37.4,82.2,66.1,34.4
,?Netherlands,,,,,,,,
111,蒙特利尔大学,,57.3,53.2,88.3,74.1,36.1,56.6,52.5
,?Canada,,,,,,,,
112,阿尔托大学,,57,37.5,96,47.7,88.4,45.7,45.8
,?Finland,,,,,,,,
112,波士顿大学,,57,87.6,14.4,41,63.7,62,58.9
,?United States,,,,,,,,
112,莱顿大学,,57,47.3,78.1,24.1,73.5,69.3,32.3
,?Netherlands,,,,,,,,
112,南加州大学,,57,81.7,23.4,37.1,77.5,56.2,60.9
,?United States,,,,,,,,
116,普渡大学,,56.9,50.6,55.8,14.8,77.6,63.3,74.9
,?United States,,,,,,,,
117,伦敦大学皇后玛丽学院（QMUL）,,56.7,99.5,99.8,51.5,60,50.7,39.4
,?United Kingdom,,,,,,,,
118,名古屋大学,,56.2,20.5,5.1,92,37.4,59.2,51.1
,?Japan,,,,,,,,
119,伯尔尼大学,,56.1,44,100,67.5,97.6,30.4,35
,?Switzerland,,,,,,,,
120,俄亥俄州立大学,,56,23.2,76.9,58.7,39.3,61.9,64.2
,?United States,,,,,,,,
121,查尔姆斯理工大学,,55.9,72.4,100,70.2,76.1,28.8,62.9
,?Sweden,,,,,,,,
121,圣保罗大学,,55.9,3,2.4,18.8,42.3,90.1,71.3
,?Brazil,,,,,,,,
123,瓦赫宁根大学,,55.8,78.5,35.7,97.9,53.4,42.8,24.9
,?Netherlands,,,,,,,,
124,乌普萨拉大学,,55.4,60.4,86.3,38.9,53.4,65.1,33
,?Sweden,,,,,,,,
125,埃因霍芬理工大学,,55.3,44.1,100,54.3,85.9,29.9,78.9
,?Netherlands,,,,,,,,
126,阿尔伯塔大学,,55.2,81.4,90,48.2,52.7,53.7,47.4
,?Canada,,,,,,,,
127,柏林自由大学,,54.9,46.5,50.5,3.5,57.8,80.9,51.8
,?Germany,,,,,,,,
128,柏林洪堡大学,,54.8,33,39.8,9.2,33.1,90.3,63.5
,?Germany,,,,,,,,
128,格罗宁根大学,,54.8,86.2,92.6,62.2,49.3,51.1,29.1
,?Netherlands,,,,,,,,
130,里昂高等师范学院,,54.6,18.5,51.8,97.2,85.3,32.8,12.4
,?France,,,,,,,,
131,南京大学,,54.2,9.2,52,30.1,96.4,59.6,17.7
,?China (Mainland),,,,,,,,
132,兰卡斯特大学,,54,97.1,94.6,39.2,82.6,41.2,33.2
,?United Kingdom,,,,,,,,
133,悉尼科技大学（UTS）,,53.9,95.2,98.6,8.9,86.3,44.4,71.8
,?Australia,,,,,,,,
,?5+ QS Stars,,,,,,,,
134,纽卡斯尔大学,,53.8,85.8,92.2,43.3,48.2,45.8,80.8
,?United Kingdom,,,,,,,,
,?5+ QS Stars,,,,,,,,
135,智利天主教大学,,53.6,3.8,6.5,22.4,14,89.6,97.6
,?Chile,,,,,,,,
136,卡尔斯鲁厄理工学院,,53.4,67.7,58.9,30.5,74,45.3,78.5
,?Germany,,,,,,,,
137,九州大学,,53.3,18.9,4.4,86.2,31,56.1,60.2
,?Japan,,,,,,,,
138,巴塞尔大学,,53,86.7,100,49.7,97.2,28.7,25.9
,?Switzerland,,,,,,,,
140,麦克马斯特大学,,52.7,55.3,99.5,86.5,31.4,39.9,51.6
,?Canada,,,,,,,,
141,根特大学,,52.6,21.1,61.7,84.8,34.3,54.5,25.8
,?Belgium,,,,,,,,
142,米兰理工大学,,52.5,55.2,40.9,5.1,59.3,66.1,81
,?Italy,,,,,,,,
143,马来西亚博特拉大学（UPM）,,52.2,87,32.9,73.9,20.5,53.6,56.4
,?Malaysia,,,,,,,,
,?5 QS Stars,,,,,,,,
144,马来西亚国民大学（UKM）,,52,28.4,20.5,94.6,9.2,56.7,59.4
,?Malaysia,,,,,,,,
,?5 QS Stars,,,,,,,,
145,北海道大学,,51.4,17.9,8.1,79.2,32.5,54.8,56
,?Japan,,,,,,,,
146,加州大学圣芭芭拉分校,,51.2,37.2,44.1,10.7,95.6,57.8,25.3
,?United States,,,,,,,,
147,马来西亚理科大学（USM）,,51,60.6,16,69.6,16,58.9,63
,?Malaysia,,,,,,,,
148,斯德哥尔摩大学,,50.6,63.1,87.5,27.3,65.5,55.6,20.3
,?Sweden,,,,,,,,
149,埃克塞特大学,,50.5,82.9,94.2,37.3,58.5,41.4,57.5
,?United Kingdom,,,,,,,,
149,滑铁卢大学,,50.5,83.8,74.7,7.5,85.7,39.6,79.2
,?Canada,,,,,,,,
151,卡迪夫大学,,50.4,79.4,81.6,48.6,44.3,47.2,47.1
,?United Kingdom,,,,,,,,
,推荐,,,,,,,,
151,维也纳大学,,50.4,89.9,98.8,22.6,17.2,70.2,47.4
,?Austria,,,,,,,,
151,约克大学,,50.4,74,91.8,54.4,50.2,43.2,37.2
,?United Kingdom,,,,,,,,
154,罗切斯特大学,,50.3,95.3,57,99.8,52.6,25.2,18.9
,?United States,,,,,,,,
155,奥胡斯大学,,50.2,15.8,83.9,32.6,60.1,56,40.2
,?Denmark,,,,,,,,
156,汉阳大学,,49.8,31.7,8.9,80.1,30.1,45.2,74.3
,?South Korea,,,,,,,,
157,密歇根州立大学,,49.7,23.6,50.5,13.5,63.3,61,60.7
,?United States,,,,,,,,
158,马里兰大学，学院公园,,49.5,21.9,13.2,43,73.1,51.9,35.9
,?United States,,,,,,,,
159,柏林工业大学,,49.3,80.3,23.6,43.3,30.7,55.7,68.6
,?Germany,,,,,,,,
160,埃默里大学,,48.6,38.1,30.5,99.4,66.7,25,17.3
,?United States,,,,,,,,
161,凯斯西储大学,,48.2,74.1,41.3,86.3,75.9,19,21.7
,?United States,,,,,,,,
161,蒙特雷科技大学,,48.2,8.9,73.6,81.5,2.5,45,90.4
,?Mexico,,,,,,,,
,?5+ QS Stars,,,,,,,,
163,法赫德法国石油和矿物大学（KFUPM）,,48.1,16.5,100,85.9,54.5,28.7,25.4
,?Saudi Arabia,,,,,,,,
163,匹兹堡大学,,48.1,14.6,2.6,97.5,43.9,42.3,18.8
,?United States,,,,,,,,
165,亚琛工业大学,,48,75.6,21.9,6.5,60.8,50.2,93.3
,?Germany,,,,,,,,
166,博洛尼亚大学,,47.7,10.3,4.7,3.8,51.8,77.5,46.6
,?Italy,,,,,,,,
166,巴斯大学,,47.7,89.5,98.7,22.4,63.3,34.8,69.8
,?United Kingdom,,,,,,,,
168,德州农工大学,,47.6,15.6,11,6,68.6,61.5,65
,?United States,,,,,,,,
168,巴塞罗那大学,,47.6,32.2,3.9,16.1,51,71.3,36.5
,?Spain,,,,,,,,
170,韦仕敦大学（西安大略大学）,,47.5,60.4,99.4,5.5,97.4,30.8,63.9
,?Canada,,,,,,,,
,?5+ QS Stars,,,,,,,,
171,萨皮恩扎 - 罗马大学,,47.2,10,1.4,4.2,55.9,76.5,38.4
,?Italy,,,,,,,,
172,弗莱堡大学,,47,43.1,48.9,34.1,66.5,49.9,20.8
,?Germany,,,,,,,,
173,都柏林大学,,46.9,76,99.2,25.9,42.1,49.6,44.6
,?Ireland,,,,,,,,
173,佛罗里达大学,,46.9,12.5,6.2,76.4,28.9,49.7,47.9
,?United States,,,,,,,,
175,哈拉克国立大学,,46.8,24.4,13.4,97.2,1.3,45.5,67.7
,?Kazakhstan,,,,,,,,
,?5 QS Stars,,,,,,,,
176,洛桑大学,,46.6,61.7,99.8,52.4,63.9,32.8,19
,?Switzerland,,,,,,,,
177,蒂宾根大学,,46.4,24,43.8,94.6,16.3,46,22.1
,?Germany,,,,,,,,
177,印度理工学院孟买分校,,46.4,1.6,1.5,32.5,55.5,51.3,79.6
,?India,,,,,,,,
179,鹿特丹伊拉斯谟大学,,46.3,53.7,81.9,35,61.1,35.6,58.2
,?Netherlands,,,,,,,,
180,国立清华大学,,46.1,20.4,7.2,37.8,53,51.2,59.3
,?Taiwan,,,,,,,,
180,维也纳技术大学,,46.1,82.8,70.5,11.5,90.4,32.6,48
,?Austria,,,,,,,,
180,哥德堡大学,,46.1,63.1,73.5,71.7,37.2,37.9,21.6
,?Sweden,,,,,,,,
183,哈利法大学,,46,59.7,100,91.3,65.1,13.7,10.5
,?United Arab Emirates,,,,,,,,
,?5 QS Stars,,,,,,,,
183,智利大学,,46,4.9,2.8,12.2,15.3,76.7,92.3
,?Chile,,,,,,,,
185,印度理工学院德里分校,,45.9,1.7,1.2,30.9,70,45.8,70.8
,?India,,,,,,,,
186,印度科学研究所班加罗尔,,45.7,1.8,1.2,48.8,100,34.2,19.2
,?India,,,,,,,,
186,明尼苏达大学,,45.7,14.8,2.3,30.6,54.1,61.8,30.1
,?United States,,,,,,,,
188,法语天主教鲁汶大学,,45.6,42,89.8,6.7,66.8,50.8,38
,?Belgium,,,,,,,,
189,利物浦大学,,45.5,94.9,86.8,44.8,32.2,42.7,37.3
,?United Kingdom,,,,,,,,
189,特温特大学,,45.5,89.1,98.8,37.1,79.3,21,42.3
,?Netherlands,,,,,,,,
191,达特茅斯学院,,45.1,32.5,1.7,71.8,90.1,19.5,30.1
,?United States,,,,,,,,
191,马来西亚工艺大学（UTM）,,45.1,68.3,6.5,55.2,39.2,42.4,53.4
,?Malaysia,,,,,,,,
,?5 QS Stars,,,,,,,,
193,伍伦贡大学,,44.9,76.4,90.8,20.1,82.3,30.4,37.5
,?Australia,,,,,,,,
,?5+ QS Stars,,,,,,,,
194,科廷大学,,44.8,46,100,15.2,84.6,31.2,48.2
,?Australia,,,,,,,,
,?5+ QS Stars,,,,,,,,
,推荐,,,,,,,,
194,德累斯顿工业大学,,44.8,37.1,25.2,86.6,19.5,38,51
,?Germany,,,,,,,,
194,奥塔哥大学,,44.8,47.4,100,16,49.5,50.6,39.2
,?New Zealand,,,,,,,,
,?5+ QS Stars,,,,,,,,
197,纽卡斯尔大学,,44.6,30.5,100,32.9,80.6,30.8,28.6
,?Australia,,,,,,,,
198,希伯来大学,,44.5,9.4,51.8,84.5,36.7,34.9,30.8
,?Israel,,,,,,,,
199,卑尔根大学,,44.2,8.5,85.5,78.1,45,34.2,10
,?Norway,,,,,,,,
200,麦考瑞大学,,44.1,95.2,98.8,17.3,60.9,33.2,52.8
,?Australia,,,,,,,,
201,庆应义塾大学,,43.9,13.2,3.6,62.8,7.1,50.2,87.7
,?Japan,,,,,,,,
202,雷丁大学,,43.5,87.7,93.8,23.8,62.9,33.8,34.1
,?United Kingdom,,,,,,,,
203,早稻田大学,,43.3,37.2,13.5,29.8,5.2,60.3,94.1
,?Japan,,,,,,,,
204,乔治奥古斯特哥廷根大学,,43.2,23.1,33.2,65.1,24.8,50.5,20.1
,?Germany,,,,,,,,
205,阿伯丁大学,,43.1,99.2,94.9,31.4,58.4,29.3,35.1
,?United Kingdom,,,,,,,,
206,皇家墨尔本理工大学,,42.8,95,100,8.3,51.3,37.1,60.9
,?Australia,,,,,,,,
207,马德里自治大学,,42.7,11.7,2.6,40.9,22.7,58.5,56.7
,?Spain,,,,,,,,
207,布鲁塞尔自由大学,,42.7,89.4,94.5,5,70.1,33.8,47.8
,?Belgium,,,,,,,,
209,巴塞罗那自治大学,,42.6,23.2,8,13.6,52.7,60.8,32.3
,?Spain,,,,,,,,
209,阿姆斯特丹自由大学,,42.6,30.9,37.5,37.3,67.1,41,17.6
,?Netherlands,,,,,,,,
211,同济大学,,42.5,37.1,70.4,24.5,84.4,35.4,10.4
,?China (Mainland),,,,,,,,
212,蔚山国立科学技术院,,42.4,13.1,35.4,76.1,100,9.9,6.5
,?South Korea,,,,,,,,
213,昆士兰科技大学（QUT）,,42.1,43.3,98.3,8.7,59,42,44.8
,?Australia,,,,,,,,
214,汉堡大学,,42,22.3,27.5,20.4,62.3,50.8,24.5
,?Germany,,,,,,,,
215,朱拉隆功大学,,41.9,3,2.6,31.9,6.2,67.7,67.4
,?Thailand,,,,,,,,
216,亚利桑那州立大学,,41.8,39.2,58.4,9.1,63.4,45.3,41.4
,?United States,,,,,,,,
216,贝尔法斯特女王大学,,41.8,97.4,100,42.5,40,30.1,31.7
,?United Kingdom,,,,,,,,
,推荐,,,,,,,,
218,范德比尔特大学,,41.7,35.9,14.1,100,31.7,25.9,23.1
,?United States,,,,,,,,
219,金边大学,,41.3,3.5,2.6,13,43.4,65.3,34.3
,?Brazil,,,,,,,,
220,雷德布德大学奈梅亨,,41.1,22.2,44.3,34.3,83.9,30.3,17.9
,?Netherlands,,,,,,,,
221,布鲁塞尔大学,,41,62.7,90.2,82.9,26.4,24,17.2
,?Belgium,,,,,,,,
222,圣母大学,,40.9,20.3,10.4,66.5,51.1,28,44.8
,?United States,,,,,,,,
223,马德里康普顿斯大学（UCM）,,40.8,20.8,1.3,21.5,11.4,67.8,58.4
,?Spain,,,,,,,,
224,卡塔尔大学,,40.7,94.6,100,70.3,28.1,21.6,24.4
,?Qatar,,,,,,,,
225,武汉大学,,40.4,8.1,26.5,15.4,75.1,39.2,46.8
,?China (Mainland),,,,,,,,
226,波恩大学,,40.3,29.3,32.6,56.2,18,51.1,17.7
,?Germany,,,,,,,,
226,开普敦大学,,40.3,31.7,50.7,19.9,51.2,44.1,41.7
,?South Africa,,,,,,,,
226,苏塞克斯大学,,40.3,94.6,97,17.3,78.7,26.2,8.6
,?United Kingdom,,,,,,,,
,推荐,,,,,,,,
226,弗吉尼亚大学,,40.3,13.9,2.4,60.9,42,36.5,40.9
,?United States,,,,,,,,
230,渥太华大学,,40.2,67.8,90.5,4.9,86.2,25,38.7
,?Canada,,,,,,,,
231,拉夫堡大学,,40.1,75.8,83.1,26,39.2,31.3,63.8
,?United Kingdom,,,,,,,,
,?5+ QS Stars,,,,,,,,
,推荐,,,,,,,,
232,加州大学欧文分校,,40,74.9,51.3,11.6,62.9,41.5,20.3
,?United States,,,,,,,,
233,马斯特里赫特大学,,39.8,100,98.8,18.4,71.8,21.9,28.6
,?Netherlands,,,,,,,,
233,安特卫普大学,,39.8,37,77.4,65.1,52.3,23.1,11.7
,?Belgium,,,,,,,,
235,卡尔加里大学,,39.7,56.3,79,25.4,46.8,34.8,44.2
,?Canada,,,,,,,,
236,哈尔滨工业大学,,39.6,8.5,2.8,48.2,93.3,24.1,9.6
,?China (Mainland),,,,,,,,
236,洛斯安第斯哥伦比亚大学,,39.6,1.6,11,22.3,6.4,58.8,95.2
,?Colombia,,,,,,,,
,?5 QS Stars,,,,,,,,
236,莱斯特大学,,39.6,91.5,80.6,44.6,53,23.4,19
,?United Kingdom,,,,,,,,
236,惠灵顿维多利亚大学,,39.6,52.4,99.8,11,37.5,46.7,34.5
,?New Zealand,,,,,,,,
,?5+ QS Stars,,,,,,,,
240,女王大学,,39.5,33.7,63.6,6.9,56.2,37,70.4
,?Canada,,,,,,,,
240,提契诺大学,,39.5,100,100,86.6,47.4,5.2,4.8
,?Switzerland,,,,,,,,
242,贝鲁特美国大学（AUB）,,39.2,56.7,78.6,62,16.9,27.7,54.2
,?Lebanon,,,,,,,,
242,圣彼得堡州立大学,,39.2,49.4,2,77.3,6.7,42.8,25.2
,?Russia,,,,,,,,
242,帕多瓦大学（UNIPD）,,39.2,6.4,3.3,9.9,55.8,55.7,30.9
,?Italy,,,,,,,,
245,国立路桥学校,,39.1,98.4,15.7,95.9,29.8,8.6,46.8
,?France,,,,,,,,
246,新西伯利亚州立大学,,38.8,57.9,2.3,92.9,19.5,28.9,16.2
,?Russia,,,,,,,,
246,马萨诸塞大学，阿默斯特,,38.8,26.6,37.6,14.8,70.1,41.4,18.7
,?United States,,,,,,,,
248,乔治城大学,,38.7,51.5,5.6,65.5,24.2,32.4,47.6
,?United States,,,,,,,,
248,庞培法布拉大学,,38.7,23.5,57.8,10.8,87.2,30.8,25.8
,?Spain,,,,,,,,
250,文莱达鲁萨兰国大学,,38.6,65.6,100,96.8,7.6,20,12.3
,?Brunei,,,,,,,,
251,科罗拉多大学博尔德分校,,38.5,9.1,7.7,36.9,68.8,36.8,16.2
,?United States,,,,,,,,
252,国立成功大学,,38.4,24.2,7.2,39.4,25.2,43.9,61.9
,?Taiwan,,,,,,,,
252,耶什华大学,,38.4,14.1,,93.4,86.9,2.6,4.1
,?United States,,,,,,,,
254,加札马达大学,,38.3,2.3,21.3,65.4,1.5,47.8,44.4
,?Indonesia,,,,,,,,
255,印度理工学院马德拉斯分校,,38.1,1.6,1.2,32.3,60.2,36.1,48.3
,?India,,,,,,,,
255,玛希隆大学,,38.1,5.4,2.3,75.4,5.6,42,46
,?Thailand,,,,,,,,
,?5 QS Stars,,,,,,,,
255,特拉维夫大学,,38.1,6.4,15.1,5,99.8,33.1,26.9
,?Israel,,,,,,,,
258,坎特伯雷大学,,37.7,51.4,99.6,9.7,41.1,39.2,41
,?New Zealand,,,,,,,,
,?5 QS Stars,,,,,,,,
258,爱尔兰国立高威大学,,37.6,58.7,90.6,69.2,12.8,26.3,30.3
,?Ireland,,,,,,,,
258,哥伦比亚国立大学,,37.6,1.4,2.4,7.5,3.8,63.9,94.2
,?Colombia,,,,,,,,
,?5 QS Stars,,,,,,,,
260,中山大学,,37.4,5.9,2.2,61.9,36.2,36.2,27.5
,?China (Mainland),,,,,,,,
261,巴黎政治学院,,37.3,99.2,37,91.5,4.1,20.2,31.5
,?France,,,,,,,,
261,巴黎大学,,37.3,33.3,6.6,15.5,79.2,38.6,7.5
,?France,,,,,,,,
264,庆熙大学,,37.2,51.9,4.2,85.5,15.2,26.4,34.9
,?South Korea,,,,,,,,
264,罗格斯大学 - 新泽西州立大学新不伦瑞克分校,,37.2,41.5,9.4,53.5,22.4,39.2,36.8
,?United States,,,,,,,,
266,布拉格查理大学,,37.1,49.2,8.6,49.9,11.4,45.7,35.5
,?Czech Republic,,,,,,,,
266,纳瓦拉大学,,37.1,72.6,9.9,56.3,17.2,28.9,65.7
,?Spain,,,,,,,,
268,国立阳明交通大学,,36.9,12.6,7.1,46.8,34.1,32.6,64.9
,?Taiwan,,,,,,,,
268,亚利桑那大学,,36.9,14.3,9,61.4,22.4,41.3,23.1
,?United States,,,,,,,,
269,达姆施塔特技术大学,,36.9,70.8,40.7,5.8,83.6,20.1,52.1
,?Germany,,,,,,,,
270,北京师范大学,,36.7,26.7,4.2,29.7,64.1,38.5,8.4
,?China (Mainland),,,,,,,,
270,赫里瓦特大学,,36.7,95.2,100,23.6,64.8,15.3,30.2
,?United Kingdom,,,,,,,,
272,戴尔豪斯大学,,36.6,81.3,100,16.9,70.3,18.7,24.4
,?Canada,,,,,,,,
272,托木斯克州立大学,,36.6,93.8,9.5,99.8,5.9,22.6,11
,?Russia,,,,,,,,
272,萨里大学,,36.6,94.3,98.3,19.9,55.6,22.3,28.4
,?United Kingdom,,,,,,,,
275,南方科技大学,,36.5,2.1,29.7,98.5,61,6.8,1.7
,?China (Mainland),,,,,,,,
275,塔夫茨大学,,36.5,35.7,17.8,73.9,50.7,19.6,8.6
,?United States,,,,,,,,
277,格拉茨大学,,36.4,57.5,68,98.3,19.4,14,8.2
,?Austria,,,,,,,,
277,印度理工学院坎普尔分校,,36.4,1.2,1.3,18.3,81.6,30.1,41.1
,?India,,,,,,,,
277,沙特国王大学（KSU）,,36.4,17,96.3,58.8,23.6,32,13.3
,?Saudi Arabia,,,,,,,,
,?5 QS Stars,,,,,,,,
280,印度理工学院克勒格布尔分校,,36.3,1.1,1.5,16.7,88,28,38.8
,?India,,,,,,,,
281,鲍曼莫斯科国立技术大学,,36.2,20.5,7,100,1.3,23.9,48.7
,?Russia,,,,,,,,
281,因斯布鲁克大学,,36.2,99.8,100,71,14.1,20.4,8.9
,?Austria,,,,,,,,
283,迪肯大学,,36.1,72.4,98.7,4.4,57.1,28.1,38
,?Australia,,,,,,,,
284,梅西大学,,35.9,99.2,99.1,33.6,23.7,29.9,24.4
,?New Zealand,,,,,,,,
,?5+ QS Stars,,,,,,,,
285,伊利诺伊大学芝加哥分校,,35.6,20,3.4,37.8,30.4,43.5,32.1
,?United States,,,,,,,,
,推荐,,,,,,,,
285,筑波大学,,35.6,28.4,5.6,68.5,21.4,35.2,17.1
,?Japan,,,,,,,,
287,香港浸会大学,,35.5,99.6,96.2,44.3,39.5,18.5,13.8
,?Hong Kong SAR,,,,,,,,
288,阿联酋大学,,35.4,40.1,100,67.5,9.7,25.2,27.7
,?United Arab Emirates,,,,,,,,
,?5 QS Stars,,,,,,,,
290,格里菲斯大学,,35.1,41.6,99.8,9.4,64.2,27.8,20.1
,?Australia,,,,,,,,
290,物理莫斯科与技术研究所州立大学,,35.1,47.1,16.6,97.9,15.1,17.8,20.6
,?Russia,,,,,,,,
290,印度尼西亚大学,,35.1,3.5,74.7,39.1,1.8,44.1,51.8
,?Indonesia,,,,,,,,
290,巴黎第一大学,,35.1,52.9,21.4,5.3,3.1,62.8,44.5
,?France,,,,,,,,
290,西安交通大学,,35.1,5.6,2.5,25.4,80.2,23.1,41.7
,?China (Mainland),,,,,,,,
295,白俄罗斯州立大学,,34.9,43,1.4,98,1.4,21.5,40.2
,?Belarus,,,,,,,,
295,波尔图大学,,34.9,24.1,2.1,14.6,61.7,38.6,27.7
,?Portugal,,,,,,,,
295,图尔库大学,,34.9,5.1,11.8,61.1,38.5,27.8,28.5
,?Finland,,,,,,,,
298,西蒙弗雷泽大学,,34.8,89.8,94.2,5.3,61.7,24.7,22.1
,?Canada,,,,,,,,
298,考克大学,,34.8,46.9,95.4,44,21.8,27.6,33.5
,?Ireland,,,,,,,,
300,北卡罗来纳州立大学,,34.7,16.5,51.5,14.3,68.7,30.4,23.8
,?United States,,,,,,,,
,?5+ QS Stars,,,,,,,,
300,塔尔图大学,,34.7,24.9,17.5,88.3,15.2,26,13.5
,?Estonia,,,,,,,,
302,斯特拉斯克莱德大学,,34.4,78.3,93.3,20.4,31.7,26.6,46.3
,?United Kingdom,,,,,,,,
303,万隆理工学院,,34.2,3.4,17.7,57.8,2.7,41.2,44
,?Indonesia,,,,,,,,
303,斯马尼亚大学,,34.2,98.4,68.1,18.7,69.4,17.8,9.7
,?Australia,,,,,,,,
305,光州科技学院（GIST）,,34.1,7.6,5.7,36.4,100,13.4,6.1
,?South Korea,,,,,,,,
305,俄罗斯国家研究型高等经济大学（HSE）,,34.1,16.5,2.3,94.1,1.9,27.4,28.1
,?Russia,,,,,,,,
307,东英吉利大学（UEA）,,34,59.9,59.1,19.5,75,19.7,10.9
,?United Kingdom,,,,,,,,
308,华沙大学,,33.9,10,2.7,39.6,6.2,46.5,53.9
,?Poland,,,,,,,,
309,雅盖隆大学,,33.8,11.7,1.7,60.8,6.1,37.6,45.8
,?Poland,,,,,,,,
309,丹麦南部大学,,33.8,28.2,77.8,39.4,51.6,19.5,23.8
,?Denmark,,,,,,,,
311,印第安纳大学伯明顿分校,,33.7,12.4,26.5,33,35.2,37.8,28.1
,?United States,,,,,,,,
311,科隆大学,,33.7,33.3,46.6,28.6,26.7,37.8,33.9
,?Germany,,,,,,,,
311,迈阿密大学,,33.7,36,16.5,62.5,29.3,24.2,28.9
,?United States,,,,,,,,
314,台湾科技大学,,33.6,40.3,13.8,56.1,31.7,25.8,28.9
,?Taiwan,,,,,,,,
314,格勒诺布尔阿尔卑斯大学（UGA）,,33.6,38.8,11.5,9.5,50.3,44.4,12.2
,?France,,,,,,,,
316,米兰大学,,33.5,7.7,2.9,6.2,49.9,49.7,17.4
,?Italy,,,,,,,,
317,IE大学,,33.4,100,94,76.4,2.7,7.3,48
,?Spain,,,,,,,,
317,俄罗斯人民友谊大学,,33.4,93.2,3.5,91.7,1.6,17,29.3
,?Russia,,,,,,,,
,?5 QS Stars,,,,,,,,
319,国立核研究院“MEPhI”,,33.1,89.2,37.2,99,10,9.4,11
,?Russia,,,,,,,,
319,加泰罗尼亚理工大学,,33.1,26.9,4.2,53.5,22.9,33.1,28.8
,?Spain,,,,,,,,
321,斯温本科技大学,,33,85.1,98.6,15.3,65.9,13.9,19
,?Australia,,,,,,,,
322,邓迪大学,,32.9,64.6,97,47,29.4,19.4,15.9
,?United Kingdom,,,,,,,,
322,埃尔朗根-纽伦堡大学,,32.9,26.4,10.2,2.2,99.3,22.8,15.4
,?Germany,,,,,,,,
322,阿根廷天主教大学（UCA）,,32.9,7.4,1.2,99.6,1.1,18.9,45.8
,?Argentina,,,,,,,,
322,澳门大学,,32.9,97.1,100,18.7,70.8,10.7,6.8
,?Macau SAR,,,,,,,,
,?5 QS Stars,,,,,,,,
326,奥尔堡大学,,32.8,29.3,64.9,42.4,41.3,19.9,32.6
,?Denmark,,,,,,,,
326,南澳大学（UniSA）,,32.8,70.4,100,20.6,45.6,23.1,16.7
,?Australia,,,,,,,,
,?5+ QS Stars,,,,,,,,
328,法律公告古美利诺夫欧洲国立大学,,32.7,7.3,21.9,98.6,1.3,21,27.2
,?Kazakhstan,,,,,,,,
329,林雪平大学,,32.5,26.5,53.6,29.8,57.8,20.1,27.9
,?Sweden,,,,,,,,
330,伦敦大学城市学院,,32.4,99.9,97,10.2,49.6,20.4,23.4
,?United Kingdom,,,,,,,,
,推荐,,,,,,,,
330,以色列理工学院,,32.4,4.2,61.7,27.4,51,26.2,28.4
,?Israel,,,,,,,,
332,伦敦的伯克贝克学院，大学,,32.3,98.2,98.7,15.1,69.8,12.5,3.6
,?United Kingdom,,,,,,,,
,推荐,,,,,,,,
332,泰勒大学,,32.3,94.8,36.5,48.6,4.8,18.9,73.4
,?Malaysia,,,,,,,,
,?5 QS Stars,,,,,,,,
334,华中科技大学,,32.2,5,2,13.2,86.6,21.2,32.6
,?China (Mainland),,,,,,,,
334,台湾师范大学,,32.2,28.3,4.1,73.2,7.7,32.1,14.2
,?Taiwan,,,,,,,,
334,都灵理工大学,,32.2,40.5,1.5,2.6,52.4,34.7,50.4
,?Italy,,,,,,,,
334,伦敦皇家霍洛威大学,,32.2,93.6,96.5,20.1,52.2,17.7,10
,?United Kingdom,,,,,,,,
334,天津大学,,32.2,12.3,3.4,27,88,19.6,4.6
,?China (Mainland),,,,,,,,
334,维多利亚大学,,32.2,76.3,92.9,3.3,74.9,17.3,10.2
,?Canada,,,,,,,,
340,法兰克福大学,,32.1,30.5,,22.4,19,46.8,34.5
,?Germany,,,,,,,,
340,夏威夷大学马诺亚分校,,32.1,17.2,40.9,54.1,51.8,16.2,13.7
,?United States,,,,,,,,
342,东北大学,,31.9,94.9,68.2,22.7,46.7,20.7,14.9
,?United States,,,,,,,,
343,广岛大学,,31.8,17.8,4.2,89.9,11.9,22.5,12.5
,?Japan,,,,,,,,
344,文莱理工大学,,31.7,9,99.7,93.4,7.4,12.6,9.3
,?Brunei,,,,,,,,
,?5+ QS Stars,,,,,,,,
344,耶拿大学,,31.7,25,,99.9,10.6,19.7,3.3
,?Germany,,,,,,,,
346,弗吉尼亚理工学院（Virginia Tech）,,31.6,24.5,56,24.6,41.1,28.5,28.9
,?United States,,,,,,,,
347,喀山联邦大学,,31.4,86.3,3.6,88.4,3.8,19,7.6
,?Russia,,,,,,,,
,?5+ QS Stars,,,,,,,,
347,UCSI大学,,31.4,76.8,42.5,61,3.6,17.8,52.2
,?Malaysia,,,,,,,,
347,加州大学圣克鲁兹分校,,31.4,17.8,52.6,7.5,89.1,19.7,5.7
,?United States,,,,,,,,
347,斯图加特大学,,31.4,46.2,25.5,5.1,66.4,24.3,36.6
,?Germany,,,,,,,,
351,布鲁内尔大学,,31.3,97.9,99.8,11.7,64,11.5,15.6
,?United Kingdom,,,,,,,,
351,马德里大学卡洛斯三世大学,,31.3,20.2,16,54.8,6.4,30.9,47.5
,?Spain,,,,,,,,
351,乌拉尔联邦大学,,31.3,38.7,3.5,94.6,2,21.4,12
,?Russia,,,,,,,,
354,林茨大学,,31.2,26.6,76.9,75.2,24.5,11.3,14.6
,?Austria,,,,,,,,
355,乔治华盛顿大学,,31.1,46,20.8,34.3,33.5,27.2,32
,?United States,,,,,,,,
356,蒂尔堡大学,,31,50,93.3,13.6,55.9,15.4,36.3
,?Netherlands,,,,,,,,
356,里斯本大学,,31,41.2,2.8,13.3,39.2,40.3,20.2
,?Portugal,,,,,,,,
358,南开大学,,30.9,5.3,5.7,31.9,71,22.9,5.2
,?China (Mainland),,,,,,,,
358,国立科技大学（NUST）伊斯兰堡,,30.9,5.2,1.3,78.1,9.1,18.1,57.7
,?Pakistan,,,,,,,,
358,于韦斯屈莱大学,,30.9,3.4,21.9,87.2,20.4,16.6,13.7
,?Finland,,,,,,,,
358,犹他大学,,30.9,10.1,8.9,64.9,46,16.8,8.7
,?United States,,,,,,,,
362,梨花女子大学,,30.8,21.2,2.3,81.1,10.4,23,20.1
,?South Korea,,,,,,,,
362,乐卓博大学,,30.8,97.5,95.3,6.4,45.5,20.7,23.8
,?Australia,,,,,,,,
,?5+ QS Stars,,,,,,,,
362,莫斯科国际关系研究所,,30.8,54.2,5.6,100,1.3,13.3,21.4
,?Russia,,,,,,,,
365,ITMO大学,,30.5,57.6,13.6,94.7,7.4,12.4,14.2
,?Russia,,,,,,,,
365,乌梅大学,,30.5,11.2,11.6,79.3,20.2,20.1,12.4
,?Sweden,,,,,,,,
365,乌尔姆大学,,30.5,22.3,26.9,82.9,38.1,8.1,4.9
,?Germany,,,,,,,,
368,苏丹卡布斯大学,,30.4,3.9,100,76.9,12.1,14.8,13.7
,?Oman,,,,,,,,
369,挪威科技大学,,30.3,10.5,63.8,26.9,27.1,32.9,25
,?Norway,,,,,,,,
369,里约热内卢联邦大学,,30.3,1.8,3.1,17.9,10.2,54.5,25.1
,?Brazil,,,,,,,,
371,瓦伦西亚政治大学,,30,21.2,2.2,72.8,13.5,25.5,12.3
,?Spain,,,,,,,,
372,林肯大学,,29.8,99.1,99.2,47.6,30.2,8.3,8.5
,?New Zealand,,,,,,,,
,?5 QS Stars,,,,,,,,
373,北京理工大学,,29.6,5,1.4,33.7,61.3,21.5,15.3
,?China (Mainland),,,,,,,,
373,布拉格化学技术研究所,,29.6,57.4,6.9,99.8,13.9,6.6,8.7
,?Czech Republic,,,,,,,,
373,康涅狄格大学,,29.6,31.1,44.9,15.3,75.4,15.8,11.7
,?United States,,,,,,,,
373,怀卡托大学,,29.6,76.5,99.2,11.1,44.5,19.9,16.4
,?New Zealand,,,,,,,,
,?5 QS Stars,,,,,,,,
377,奥卢大学,,29.5,6.8,40.1,31.5,60.6,16.4,20.9
,?Finland,,,,,,,,
378,维多利亚州立大学,,29.4,11.6,30.1,4.4,95.1,16.5,6.6
,?Germany,,,,,,,,
378,奎德阿萨姆大学,,29.4,1.4,1.3,2.1,98.3,15.1,29.7
,?Pakistan,,,,,,,,
378,石溪大学,,29.4,70.8,31.7,34.6,41,20.1,10.3
,?United States,,,,,,,,
381,谢里夫理工大学,,29.3,2.7,2.5,9.8,98.1,12.1,25.1
,"?Iran, Islamic Republic of",,,,,,,,
381,东京医科齿科大学,,29.3,17.2,1.3,100,16.9,10.8,5.6
,?Japan,,,,,,,,
383,美国沙迦大学,,29.1,100,100,28.4,15.2,18.9,27.2
,?United Arab Emirates,,,,,,,,
383,北京航空航天大学,,29.1,5.8,2.7,25.7,85.4,14.4,5.3
,?China (Mainland),,,,,,,,
383,肯特大学,,29.1,56.1,98.8,21.6,40.2,20,8.9
,?United Kingdom,,,,,,,,
,推荐,,,,,,,,
386,神户大学,,28.9,10.1,2.5,59,11.7,26.8,33.2
,?Japan,,,,,,,,
387,堪萨斯大学,,28.8,11,39.5,78.6,13.3,15.3,16.8
,?United States,,,,,,,,
388,纽约州立大学布法罗分校,,28.7,31.2,73.9,6.9,66.2,18.8,11.8
,?United States,,,,,,,,
388,比萨大学,,28.7,4.9,2,7.8,44.1,40.5,16.5
,?Italy,,,,,,,,
390,维多利亚大学圣拉斐尔大学,,28.6,4,1.9,99.3,34.5,3.2,1.5
,?Italy,,,,,,,,
391,SOAS伦敦大学东方与非洲研究学院,,28.5,100,100,30.4,15.4,19.9,12.8
,?United Kingdom,,,,,,,,
391,巴勒莫大学,,28.5,97.1,14.1,89.3,1.1,9.1,10.9
,?Argentina,,,,,,,,
393,圣彼得堡国立政治大学,,28.4,88.5,5.9,83.2,3.8,13.1,9.3
,?Russia,,,,,,,,
393,鲁尔大学波鸿,,28.4,31.6,11.8,2,78.7,22.5,10
,?Germany,,,,,,,,
395,印度理工学院古瓦哈提分校,,28.3,1.3,1.4,12,94.8,13.2,14.5
,?India,,,,,,,,
395,托木斯克理工大学,,28.3,85.6,3.8,89.1,6.2,9.6,8.1
,?Russia,,,,,,,,
395,秘鲁天主大学,,28.3,1.7,1.6,25.6,1.7,39.9,66.1
,?Peru,,,,,,,,
398,巴基斯坦工程与应用科学研究所（PIEAS）,,28.2,,,93.1,33.2,5.4,6.9
,?Pakistan,,,,,,,,
399,菲律宾大学,,28.1,1.4,1.1,48.3,1.9,33.9,42.1
,?Philippines,,,,,,,,
400,印度理工学院鲁尔基分校,,28,2.6,1,10.3,88.8,14.8,19.3
,?India,,,,,,,,
400,奥斯特拉尔大学,,28,9.7,1.2,85,1.7,15.4,38.8
,?Argentina,,,,,,,,
400,维尔纽斯大学,,28,9.3,3.6,80.3,3.8,20.7,21.2
,?Lithuania,,,,,,,,
403,捷克技术大学在布拉格,,27.9,49.5,10.3,60.5,5.6,19.8,36.7
,?Czech Republic,,,,,,,,
403,山东大学,,27.9,3.9,3.1,20.8,73.3,14.9,26.3
,?China (Mainland),,,,,,,,
403,加州大学河滨分校,,27.9,10.7,81.2,9.7,65.9,17.9,9.3
,?United States,,,,,,,,
407,佛林德斯大学,,27.8,94.2,99.1,5.9,54,13.1,8.4
,?Australia,,,,,,,,
407,华南理工大学,,27.8,4.3,3.4,17.3,92.9,12.1,3.8
,?China (Mainland),,,,,,,,
407,台北医科大学,,27.8,16.7,6.4,90.3,16.7,9.7,12
,?Taiwan,,,,,,,,
407,厦门大学,,27.8,4,2,23.5,57.7,25.7,8.4
,?China (Mainland),,,,,,,,
411,威廉姆斯大学明斯特,,27.7,7.6,13.1,37,16,33.7,24.9
,?Germany,,,,,,,,
412,国立中山大学,,27.5,14.1,9.4,34.7,35.1,25.5,20
,?Taiwan,,,,,,,,
412,哈韦里亚纳主教大学,,27.5,1.9,1.9,17.1,2.2,37.5,83.6
,?Colombia,,,,,,,,
414,中央大学,,27.4,32.1,4.8,73.2,9.2,15.5,27.7
,?South Korea,,,,,,,,
414,拉彭兰塔理工大学,,27.4,15.4,17.4,17.1,88.1,7.3,16.9
,?Finland,,,,,,,,
414,坦佩雷大学,,27.4,7.6,20.1,26.4,40.4,25.2,24.2
,?Finland,,,,,,,,
414,国油大学（Petronas）,,27.4,22.8,72.6,28.5,36.9,16.4,28.8
,?Malaysia,,,,,,,,
414,科罗拉多大学丹佛分校,,27.4,10.6,1.5,100,12.7,8.3,8.5
,?United States,,,,,,,,
414,北京科技大学,,27.4,3.5,1.5,12.8,90.4,15,4.3
,?China (Mainland),,,,,,,,
414,拉瓦尔大学,,27.4,31.2,56.7,31.7,31.8,20.6,19.3
,?Canada,,,,,,,,
421,雅典国立科技大学,,27.3,7.1,1,6.1,69.1,19.2,40.5
,?Greece,,,,,,,,
421,斯特拉斯堡大学,,27.3,39.3,21.4,5.5,27.4,42.2,7.3
,?France,,,,,,,,
423,曼海姆大学,,27.2,24.1,15.6,2.2,64.6,17.2,48.3
,?Germany,,,,,,,,
424,詹姆斯库克大学（JCU）,,27.1,33.8,64.7,9.5,65.1,15.1,11.3
,?Australia,,,,,,,,
,?5 QS Stars,,,,,,,,
424,那不勒斯腓特烈二世大学,,27.1,1.1,1.2,5.1,57.1,32.5,14.6
,?Italy,,,,,,,,
424,威特沃特斯兰德大学,,27.1,9.5,76.1,12.4,36.4,24.9,30.3
,?South Africa,,,,,,,,
427,美因茨大学,,27,19.6,15.2,54.5,20.3,21.8,15
,?Germany,,,,,,,,
427,华盛顿州立大学,,27,7.3,49.4,15.1,38,27,26.2
,?United States,,,,,,,,
429,牛津布鲁克斯大学,,26.9,65.4,55.4,13.9,10.3,26.6,53.1
,?United Kingdom,,,,,,,,
429,维克森林大学,,26.9,14.8,2,100,14,5.8,8.1
,?United States,,,,,,,,
431,科罗拉多州立大学,,26.8,6.6,10,59.4,20.6,19.5,20.9
,?United States,,,,,,,,
431,伦斯勒理工学院,,26.8,57,1.8,26.7,69.7,9.2,7.9
,?United States,,,,,,,,
431,新里斯本大学,,26.8,57,8.3,25.1,26.4,27.1,22.7
,?Portugal,,,,,,,,
434,圣保罗联邦大学（UNIFESP）,,26.7,1.7,1.9,97.4,8.2,11.9,5.5
,?Brazil,,,,,,,,
434,约翰内斯堡大学,,26.7,55.9,92.1,40.7,16.9,14.5,18.6
,?South Africa,,,,,,,,
436,上海大学,,26.6,7.4,37.1,50.5,18.3,24,8.9
,?China (Mainland),,,,,,,,
436,杜兰大学,,26.6,16.5,5.3,90.3,14.3,10.1,4.8
,?United States,,,,,,,,
436,堪培拉大学,,26.6,85.1,99.7,3.2,49.2,14,11.3
,?Australia,,,,,,,,
439,埃克塞斯大学,,26.5,98.9,100,11.6,30.4,17.5,10.9
,?United Kingdom,,,,,,,,
440,斯旺西大学,,26.3,53.1,65.2,32.3,25,15.8,24.5
,?United Kingdom,,,,,,,,
,推荐,,,,,,,,
440,塞浦路斯大学,,26.3,24.3,72.7,5.5,81.2,9,4.2
,?Cyprus,,,,,,,,
440,特伦托大学,,26.3,5.9,13.3,16.6,54.8,24.9,10.1
,?Italy,,,,,,,,
440,特罗姆瑟大学,,26.3,9,63.3,75.4,9.1,13.2,4
,?Norway,,,,,,,,
444,伊利诺伊理工学院,,26.2,98.7,10.3,14.2,54.8,15.1,8
,?United States,,,,,,,,
445,韩国外国语大学,,26.1,39.5,16.1,79,1.6,11.7,23.8
,?South Korea,,,,,,,,
445,开罗美国大学,,26.1,3.7,92,37.8,4.2,26.8,20.9
,?Egypt,,,,,,,,
447,乌尔库拉大学（UQU）,,26,20.1,100,62.5,1.8,14.9,10.4
,?Saudi Arabia,,,,,,,,
447,莱比锡大学,,26,17.9,,61.1,9.9,25.3,7.2
,?Germany,,,,,,,,
447,萨尔大学,,26,42.5,1.9,82.5,9,11.6,7.7
,?Germany,,,,,,,,
450,米兰 - 比卡卡大学,,25.9,7.8,,1.5,81.2,19.5,10.7
,?Italy,,,,,,,,
451,奥克兰理工大学,,25.8,100,100,11.9,15.6,20.3,20.6
,?New Zealand,,,,,,,,
,?5 QS Stars,,,,,,,,
451,邦德大学,,25.8,99,99,46.3,19.1,4.8,7.5
,?Australia,,,,,,,,
,?5 QS Stars,,,,,,,,
451,四川大学,,25.8,6.1,3.2,18.9,69.7,17.7,4.7
,?China (Mainland),,,,,,,,
451,佛罗伦萨大学,,25.8,19.9,2.7,6,48.2,32.5,7.3
,?Italy,,,,,,,,
455,布兰迪斯大学,,25.7,81.5,10.6,52.1,28.8,10.9,4.5
,?United States,,,,,,,,
455,科英布拉大学,,25.7,48.8,3.6,16.8,32,28.6,17.3
,?Portugal,,,,,,,,
,?5 QS Stars,,,,,,,,
455,University of Iowa,,25.7,9.1,7,46.1,29.1,20.7,14.9
,?United States,,,,,,,,
458,萨斯喀彻温大学,,25.6,52.4,67.8,26.7,41,11.8,12
,?Canada,,,,,,,,
459,马德里理工大学,,25.5,35.6,1.4,19.3,11.4,30.2,53.2
,?Spain,,,,,,,,
459,圣加仑大学（HSG）,,25.5,78.5,100,6.3,32.1,9.2,50.6
,?Switzerland,,,,,,,,
461,科罗拉多矿业学院,,25.4,15.1,9.1,28.4,70.5,8.2,10.5
,?United States,,,,,,,,
461,远东联邦大学,,25.4,67.9,6.3,90.6,2,6.8,3.2
,?Russia,,,,,,,,
461,伦敦大学金史密斯学院,,25.4,97.3,85,18.3,21.3,18.4,8.7
,?United Kingdom,,,,,,,,
461,哈勒-维滕贝格大学,,25.4,11.2,,85,6,14.7,6.5
,?Germany,,,,,,,,
465,艾尔朗加大学,,25.3,2.2,2.9,44,1.2,27.4,49.3
,?Indonesia,,,,,,,,
465,技术Amirkabir大学,,25.3,2.3,6.7,4.8,99.3,5.4,18
,"?Iran, Islamic Republic of",,,,,,,,
465,东南大学,,25.3,4.3,2.7,33.6,63.8,12,5.6
,?China (Mainland),,,,,,,,
465,贝尔格拉诺大学,,25.3,30,2.1,91,1,8,19.6
,?Argentina,,,,,,,,
469,国立台北理工大学,,25.2,25,10.4,32.9,32.7,13.8,47.1
,?Taiwan,,,,,,,,
469,蒙得维的亚大学,,25.2,3.8,11.9,80.9,1.1,14.7,19.8
,?Uruguay,,,,,,,,
471,本·古里安大学,,25.1,18.3,56.3,13.9,55.8,14.4,15.3
,?Israel,,,,,,,,
471,哈瑟尔特大学,,25.1,24.8,49.8,76,19.3,4.5,4
,?Belgium,,,,,,,,
471,乌拉圭大学,,25.1,2,8.6,89.5,1.2,11.3,18.4
,?Uruguay,,,,,,,,
471,斯特林大学,,25.1,73.2,63.3,17.2,44.2,11.6,12.6
,?United Kingdom,,,,,,,,
,?5 QS Stars,,,,,,,,
,推荐,,,,,,,,
475,佛罗里达州立大学,,25,4.5,5.7,9.8,36,28.3,38.9
,?United States,,,,,,,,
476,密苏里大学,,24.9,5.6,41.7,46.1,24.9,16.5,16.7
,?United States,,,,,,,,
477,巴伊兰大学,,24.8,6.7,40.3,7.7,81.7,9.4,7.4
,?Israel,,,,,,,,
477,千叶大学,,24.8,6,2.2,73.2,12,16.3,7
,?Japan,,,,,,,,
477,德克萨斯大学达拉斯分校,,24.8,46.1,2.6,4.8,66.7,15.5,17.8
,?United States,,,,,,,,
480,长庚大学,,24.7,6.2,1.5,65.6,44.1,4.7,4.3
,?Taiwan,,,,,,,,
480,列日大学,,24.7,52.8,33.6,19,34.1,19,20.6
,?Belgium,,,,,,,,
482,南哈萨克斯坦国立大学（SKSU）,,24.6,20.7,5.5,90.8,1,9.6,9.9
,?Kazakhstan,,,,,,,,
482,斯泰伦博斯大学,,24.6,9.7,8.9,3.6,51.7,24.5,27.4
,?South Africa,,,,,,,,
482,韩国加图立大学,,24.6,4.3,1.2,97.9,12.2,4.8,2.5
,?South Korea,,,,,,,,
485,阿斯顿大学,,24.5,31.4,97.4,12,38.5,12.5,28.8
,?United Kingdom,,,,,,,,
,推荐,,,,,,,,
485,都灵大学（UNITO）,,24.5,10.8,2.3,3.5,42.9,34.2,7.9
,?Italy,,,,,,,,
487,国立科技大学“MISIS”,,24.4,63.3,4.6,70.6,11.3,8.5,11.3
,?Russia,,,,,,,,
487,智利圣地亚哥大学,,24.4,2.5,2.3,8.8,4.8,37.6,63.1
,?Chile,,,,,,,,
487,横滨市立大学,,24.4,2.4,1.5,99.8,10.1,4.6,2.9
,?Japan,,,,,,,,
490,都柏林城市大学,,24.3,25.8,70.7,30.7,13.8,18.7,30.1
,?Ireland,,,,,,,,
490,吉森大学,,24.3,11.6,5.2,1.5,87.2,12,8.3
,?Germany,,,,,,,,
492,圣保罗州立大学,,24.2,4,1.9,25.3,15.5,33.7,21.9
,?Brazil,,,,,,,,
492,格拉纳达大学,,24.2,18.4,1.5,7.3,23.3,40,9.7
,?Spain,,,,,,,,
494,西悉尼大学,,24.1,50.8,100,5.7,30,17.7,22.5
,?Australia,,,,,,,,
,?5 QS Stars,,,,,,,,
494,波士顿学院,,24.1,18.1,4.9,29.8,29.1,22.3,21.6
,?United States,,,,,,,,
494,基尔大学（德国）,,24.1,10.8,,51.2,22.9,19.2,9.2
,?Germany,,,,,,,,
494,东国大学,,24.1,21.2,3.6,82.8,7.4,9.4,9.4
,?South Korea,,,,,,,,
494,爱荷华州立大学,,24.1,12.4,2.5,10.1,60.4,19.3,14.3
,?United States,,,,,,,,
494,西江大学,,24.1,30.2,2.8,47.2,9.1,18.2,38.4
,?South Korea,,,,,,,,
494,罗马第二大学,,24.1,28.9,2.1,6,37.7,30.7,14.6
,?Italy,,,,,,,,
494,约克大学,,24.1,81.9,24.2,8.1,22.2,22.4,36.4
,?Canada,,,,,,,,
501-510,马赛大学,,-,23,7.9,9.9,26.2,36.6,3.8
,?France,,,,,,,,
501-510,吉林大学,,-,2.5,4.7,44.6,26.1,13.8,34.9
,?China (Mainland),,,,,,,,
501-510,哈萨克斯坦国家技术大学,,-,1.9,2.4,75.6,1.4,15.2,21.4
,?Kazakhstan,,,,,,,,
501-510,哈瓦那大学,,-,4.9,1.2,64.9,1.8,18.1,26.8
,?Cuba,,,,,,,,
501-510,波尔多大学,,-,23.6,18.6,26.6,15,32.4,5.5
,?France,,,,,,,,
501-510,德里大学,,-,1.8,1.1,5.5,24.8,35.3,32.3
,?India,,,,,,,,
501-510,阿尔卑斯 - 亚德里亚安大学克拉根福,,-,78.4,92.9,52.9,12.7,4.5,3
,?Austria,,,,,,,,
501-510,利默里克大学,,-,26.4,89.7,15.7,25.3,17.2,29.3
,?Ireland,,,,,,,,
,?5 QS Stars,,,,,,,,
501-510,康斯坦茨大学,,-,17.2,61.4,32,18.1,22.4,5.8
,?Germany,,,,,,,,
501-510,华沙工业大学,,-,11.3,1.2,31,5.9,26,53
,?Poland,,,,,,,,
511-520,茂物农业大学,,-,3.3,43.3,55.1,1.6,18.9,21
,?Indonesia,,,,,,,,
511-520,科什大学,,-,6.5,17.2,39.5,19.7,18.5,27.5
,?Turkey,,,,,,,,
511-520,密苏里科技大学,,-,11.2,73.1,7.7,79.3,3.4,4.7
,?United States,,,,,,,,
,?5 QS Stars,,,,,,,,
511-520,新加坡管理大学,,-,67.2,100,15.1,27.4,11.6,18.7
,?Singapore,,,,,,,,
511-520,阿尔卡拉大学,,-,72.5,6.3,66.8,4.7,9.8,10.2
,?Spain,,,,,,,,
511-520,马来西亚北方大学,,-,73.6,6.6,43.5,5.5,17.4,22.8
,?Malaysia,,,,,,,,
511-520,巴拉曼大学,,-,23.3,5.4,91.1,1.8,4.6,12.1
,?Lebanon,,,,,,,,
511-520,V.N.卡拉津哈尔科夫国立大学,,-,64.1,1.1,66.7,1.6,11.9,14.5
,?Ukraine,,,,,,,,
511-520,韦恩州立大学,,-,7.3,5.2,74.5,16.3,9.8,5.4
,?United States,,,,,,,,
521-530,中南大学,,-,3.2,2.5,6.3,90.1,7.3,2.1
,?China (Mainland),,,,,,,,
521-530,中国地质大学,,-,3.4,1.1,61.4,42.4,4.1,1.3
,?China (Mainland),,,,,,,,
521-530,康考迪亚大学,,-,92.6,72.2,3.5,27.7,14.5,26.1
,?Canada,,,,,,,,
521-530,达曼大学,,-,3.1,95.7,77.2,1.8,4.5,3.6
,?Saudi Arabia,,,,,,,,
521-530,国立中央大学,,-,14.9,5,30.5,27.7,20.5,19.3
,?Taiwan,,,,,,,,
521-530,拉斯维亚斯马尔塔·阿布瑞尤中央大学,,-,1.9,1,99.9,1.2,6.1,1.3
,?Cuba,,,,,,,,
521-530,拜罗伊特大学,,-,21.4,31.8,38.7,34.3,10,15.6
,?Germany,,,,,,,,
521-530,东芬兰大学,,-,6.3,13.3,42.5,30.8,14.9,11.4
,?Finland,,,,,,,,
521-530,德黑兰大学,,-,2.1,1.2,3.9,52.8,22.3,22.7
,"?Iran, Islamic Republic of",,,,,,,,
521-530,蒙彼利埃大学,,-,31.6,8.1,9.9,49.3,20.2,9.6
,?France,,,,,,,,
531-540,亚洲大学,,-,16.2,2.1,64.1,15.9,11.4,10.5
,?South Korea,,,,,,,,
531-540,华东师范大学,,-,24.7,45.5,30,34.7,14.6,3.6
,?China (Mainland),,,,,,,,
531-540,一桥大学,,-,22.8,9.2,28.7,2.7,16.5,78.2
,?Japan,,,,,,,,
531-540,国立科学院院校里昂（INSA）,,-,81.2,15.3,39.6,16.5,8.9,28
,?France,,,,,,,,
531-540,理海大学,,-,43,15.1,35.8,44.9,6,6.6
,?United States,,,,,,,,
531-540,长崎大学,,-,5.4,2.3,86.2,8.3,6.5,2.3
,?Japan,,,,,,,,
531-540,车尔尼雪夫斯基的萨拉托夫州立大学,,-,17.4,1.4,95,1.9,4.4,1.9
,?Russia,,,,,,,,
531-540,俄勒冈州立大学,,-,18.2,7.3,28,38.1,17.5,8
,?United States,,,,,,,,
531-540,圣约瑟夫德贝鲁特大学,,-,19.2,86,49,2.6,9.7,30.5
,?Lebanon,,,,,,,,
531-540,南联邦大学,,-,35,1.3,81.4,1.9,8.1,3.4
,?Russia,,,,,,,,
531-540,哥斯达黎加大学,,-,,,31.4,1.8,28.2,45.9
,?Costa Rica,,,,,,,,
531-540,萨拉戈萨大学,,-,10.2,1.2,49.7,11.8,21.8,4.9
,?Spain,,,,,,,,
531-540,特拉华大学,,-,17,21.8,9.2,66.6,10.5,10.8
,?United States,,,,,,,,
541-550,阿伯斯威大学,,-,60,44.7,24.3,35.7,9.8,7.5
,?United Kingdom,,,,,,,,
541-550,科学技术大学伊朗,,-,1.5,,2.7,87.5,6.4,12.6
,"?Iran, Islamic Republic of",,,,,,,,
541-550,庆北国立大学,,-,10.7,2.4,55.7,15.1,13.5,17.3
,?South Korea,,,,,,,,
541-550,新泻大学,,-,3.9,1.8,91.2,6.3,4.7,2.8
,?Japan,,,,,,,,
541-550,西北工业大学,,-,5,8.1,55.8,40.1,4.9,2.1
,?China (Mainland),,,,,,,,
,?5 QS Stars,,,,,,,,
541-550,萨班斯大学,,-,16,30.6,39.4,18,15.6,20
,?Turkey,,,,,,,,
541-550,佐治亚大学,,-,5.7,2.3,13,36,22.1,28.8
,?United States,,,,,,,,
541-550,田纳西大学,,-,3.2,1.9,15.2,58.4,10.9,25.3
,?United States,,,,,,,,
541-550,蔚山大学,,-,4.7,1.4,64.4,30.6,5.8,2.7
,?South Korea,,,,,,,,
551-560,哈萨克斯坦国家教育大学,,-,2.7,16.1,66.2,1.1,15.4,12
,?Kazakhstan,,,,,,,,
551-560,亚里士多德大学,,-,14.9,1,3,35.6,26.6,25.5
,?Greece,,,,,,,,
551-560,哈萨克斯坦国家农业大学,,-,20.5,14.4,68.6,1,12.5,10.4
,?Kazakhstan,,,,,,,,
551-560,马萨里克大学,,-,70.4,15.2,12.1,15.4,23.5,25.2
,?Czech Republic,,,,,,,,
551-560,中东技术大学,,-,13.1,4.2,7.8,24.1,25.4,42.3
,?Turkey,,,,,,,,
551-560,泛美大学（UP）,,-,1.6,4.9,74.3,1.2,7.6,31.1
,?Mexico,,,,,,,,
,?4 QS Stars,,,,,,,,
551-560,塞维利亚大学,,-,20,1.5,17.9,9.4,35.2,10
,?Spain,,,,,,,,
551-560,塞格德大学,,-,59.4,4.4,45.5,5.1,17.7,13.9
,?Hungary,,,,,,,,
551-560,意大利天主教圣心大学,,-,9,2,39.7,6.5,22,31.3
,?Italy,,,,,,,,
551-560,图卢兹第三大学,,-,27,2,45.7,11.9,20.4,4.4
,?France,,,,,,,,
561-570,阿尔泰州立大学,,-,38.2,1.8,80.2,1.4,5.9,5.4
,?Russia,,,,,,,,
561-570,翰林大学,,-,6.1,1.6,91.7,8,2.6,1.6
,?South Korea,,,,,,,,
561-570,仁荷大学,,-,11.8,2.1,69.9,12.1,7.3,12.8
,?South Korea,,,,,,,,
561-570,尼赫鲁大学,,-,3,,20.4,23.3,28.8,10.5
,?India,,,,,,,,
561-570,布伦瑞克工业大学,,-,29.7,,62.2,9.1,10,16.5
,?Germany,,,,,,,,
561-570,新学院大学,,-,94.9,1.9,48.7,3.8,13.8,6.4
,?United States,,,,,,,,
561-570,帕维亚大学,,-,13.6,2.2,6.6,51.6,20.6,6.8
,?Italy,,,,,,,,
561-570,弗里堡大学,,-,48.9,100,5.7,39,10.8,6.8
,?Switzerland,,,,,,,,
571-580,开罗大学,,-,6,1.2,10.7,2.7,38.6,26
,?Egypt,,,,,,,,
571-580,大连理工大学,,-,2.9,3.6,14.6,69.2,8.6,2.6
,?China (Mainland),,,,,,,,
571-580,华东理工大学,,-,2.3,1.2,17.2,71.4,7.3,2.7
,?China (Mainland),,,,,,,,
571-580,卡斯里克的圣灵大学,,-,39.2,99.3,53.5,1.6,4.7,10.5
,?Lebanon,,,,,,,,
571-580,湖南大学,,-,3.4,2,11.5,75.3,7,6.7
,?China (Mainland),,,,,,,,
571-580,伊瓜恩Javakhishvili第比利斯州立大学,,-,3.4,1.2,85.4,1.2,6.8,5.3
,?Georgia,,,,,,,,
571-580,全北国立大学,,-,8.4,3.1,58.6,13.2,12.5,9.7
,?South Korea,,,,,,,,
571-580,大阪市立大学,,-,4.2,1.9,73.2,8.9,9.4,6.7
,?Japan,,,,,,,,
571-580,瓦伦西亚大学,,-,11.1,1.2,11.4,24.8,30.1,8.9
,?Spain,,,,,,,,
571-580,米尼奥大学,,-,24.5,10,47.5,15.2,14.8,7.9
,?Portugal,,,,,,,,
571-580,内布拉斯加大学,,-,20.4,57.5,22.7,38.2,10.8,6.1
,?United States,,,,,,,,
571-580,不来梅大学,,-,22.7,28.1,21.5,27.6,20.2,6.9
,?Germany,,,,,,,,
581-590,黎巴嫩美国大学,,-,48.2,95.7,29.5,4.2,9.7,27.5
,?Lebanon,,,,,,,,
581-590,岭南大学（香港）,,-,78.5,100,23.4,14.9,7.6,8.4
,?Hong Kong SAR,,,,,,,,
,?5 QS Stars,,,,,,,,
581-590,默多克大学,,-,68.3,77.2,5.5,41,7.9,9.2
,?Australia,,,,,,,,
581-590,冈山大学,,-,7.2,1.9,71.5,11,8,3.7
,?Japan,,,,,,,,
581-590,萨马拉国立航空航天大学,,-,21.1,1.6,84.9,2.7,4.2,3.8
,?Russia,,,,,,,,
,?4 QS Stars,,,,,,,,
581-590,拉普拉塔国立大学,,-,16.2,1.7,19.2,2.1,32.9,22.2
,?Argentina,,,,,,,,
581-590,圭尔夫大学,,-,15.7,32.9,6.5,40.8,13.8,31.1
,?Canada,,,,,,,,
581-590,南佛罗里达大学,,-,23.9,29.7,9.2,46.5,13.2,14.8
,?United States,,,,,,,,
591-600,巴林应用科学大学,,-,41.7,100,33.4,1.3,11.1,18.8
,?Bahrain,,,,,,,,
,?4 QS Stars,,,,,,,,
591-600,毕尔坎特大学,,-,10.8,46.1,17.2,16.9,19.7,25.5
,?Turkey,,,,,,,,
591-600,印度理工学院海得拉巴,,-,1.5,1.1,24.9,65.8,3.7,2.2
,?India,,,,,,,,
591-600,熊本大学,,-,3.8,1.9,71.6,10.8,7.4,2.6
,?Japan,,,,,,,,
591-600,国立政治大学,,-,46.6,5.9,31.4,3.1,19.4,30.2
,?Taiwan,,,,,,,,
591-600,浦那大学,,-,3.2,1,57.8,22,8.5,5.8
,?India,,,,,,,,
591-600,索非亚大学“圣克拉门特奥尔希斯基”,,-,11,1.2,60.6,2,14,15
,?Bulgaria,,,,,,,,
591-600,哥伦比亚大学,,-,1.7,3.4,48.3,1.1,11.4,53.8
,?Colombia,,,,,,,,
,?4 QS Stars,,,,,,,,
591-600,德布勒森大学,,-,79,5.3,34.4,4.1,17.4,11.6
,?Hungary,,,,,,,,
591-600,电子科技大学,,-,3.1,1.5,10.2,79.3,4.2,2.4
,?China (Mainland),,,,,,,,
591-600,卢布尔雅那大学,,-,8.8,1.5,45.3,8.3,20,7.6
,?Slovenia,,,,,,,,
591-600,雷根斯堡大学,,-,10.9,,64.5,9.2,11.2,6.8
,?Germany,,,,,,,,
591-600,魁北克大学,,-,25.3,12.9,2.4,36.6,21.1,19.8
,?Canada,,,,,,,,
601-650,阿科美大学,,-,15,27.6,33.2,30.2,8.9,7.8
,?Finland,,,,,,,,
601-650,迪拜美国大学,,-,100,100,17.7,2.2,7.6,15.5
,?United Arab Emirates,,,,,,,,
601-650,马尼拉雅典耀大学,,-,3.6,1.6,35.9,1.7,18,39.7
,?Philippines,,,,,,,,
601-650,班戈大学,,-,70.5,41.8,17.5,31.1,8.6,6.2
,?United Kingdom,,,,,,,,
601-650,迪拜的加拿大大学,,-,100,100,26.6,1.8,7.2,13.7
,?United Arab Emirates,,,,,,,,
601-650,卡尔顿大学,,-,53,20.3,2.9,47.2,9.5,18.3
,?Canada,,,,,,,,
601-650,中央昆士兰大学,,-,98.2,95.7,20.3,10,6.6,12.1
,?Australia,,,,,,,,
,?5 QS Stars,,,,,,,,
601-650,清迈大学,,-,4.1,1.6,14.9,4,31,29.5
,?Thailand,,,,,,,,
,?4 QS Stars,,,,,,,,
601-650,中国农业大学,,-,1.7,1.5,23.4,55.2,8,1.8
,?China (Mainland),,,,,,,,
601-650,克拉克大学,,-,70.8,4.6,27.5,42.1,3.6,2.2
,?United States,,,,,,,,
601-650,考文垂大学,,-,99.8,70.2,14.6,6.2,9.8,32.2
,?United Kingdom,,,,,,,,
,?5 QS Stars,,,,,,,,
601-650,岐阜大学,,-,4.2,1.7,78.7,8.1,4.1,2.2
,?Japan,,,,,,,,
601-650,金泽大学,,-,6.2,3.4,63.3,12.2,8.2,3.3
,?Japan,,,,,,,,
601-650,金斯顿大学,,-,98.7,63.3,8.3,9.3,15.6,14.1
,?United Kingdom,,,,,,,,
601-650,建国大学,,-,12.6,2.1,58.1,11.5,7.3,11.3
,?South Korea,,,,,,,,
601-650,汉诺威大学,,-,38.9,16,13.4,10.3,21.1,29.9
,?Germany,,,,,,,,
601-650,管理与科学大学,,-,41.1,43.5,40,1.3,10.6,20.4
,?Malaysia,,,,,,,,
,?5 QS Stars,,,,,,,,
601-650,南京理工大学,,-,,,18.9,65.3,3.9,2.3
,?China (Mainland),,,,,,,,
601-650,帕拉茨基大学奥洛穆茨,,-,19.5,17.3,37.8,9,15.4,12.5
,?Czech Republic,,,,,,,,
601-650,Pavol Josef Safarik大学,,-,64.3,1.2,64.3,4.1,4.6,2.3
,?Slovakia,,,,,,,,
601-650,釜山国立大学,,-,7.6,2.7,29,20.4,19.1,15.9
,?South Korea,,,,,,,,
601-650,中国人民大学,,-,6.3,2.5,20.4,8.2,22.9,43.1
,?China (Mainland),,,,,,,,
601-650,哈萨克斯坦国立医科大学,,-,49.6,2.4,64.3,1,6.3,5
,?Kazakhstan,,,,,,,,
601-650,世宗大学,,-,21.6,11.8,17.7,37.6,11.3,18.1
,?South Korea,,,,,,,,
601-650,深圳大学,,-,1.7,4.9,67.6,14.2,7.1,2.3
,?China (Mainland),,,,,,,,
601-650,史密斯学院,,-,23.2,2.1,73.7,6.9,3.6,2.2
,?United States,,,,,,,,
601-650,苏州大学,,-,3.1,2.4,18.2,64.2,5.9,2.5
,?China (Mainland),,,,,,,,
601-650,基辅舍夫琴科基辅共和国国立大学,,-,7.3,1.1,40.3,2.7,18.1,29.4
,?Ukraine,,,,,,,,
601-650,泰国法政大学,,-,1.9,3.7,27.7,2.2,23.2,40.7
,?Thailand,,,,,,,,
601-650,东京农工大学,,-,6.7,1.9,14.1,52.9,12.2,6.1
,?Japan,,,,,,,,
601-650,阿纳瓦克大学,,-,3.5,2.2,56.3,1.1,10.2,35.6
,?Mexico,,,,,,,,
601-650,布宜诺斯艾利斯大学国家中心,,-,,,83,1.5,5.3,2.4
,?Argentina,,,,,,,,
601-650,科米利亚斯主教大学,,-,5.9,6.6,42,2.7,8.6,57.5
,?Spain,,,,,,,,
,?5 QS Stars,,,,,,,,
601-650,德翁大学,,-,2.4,4.6,16.4,6.7,25.4,43.8
,?Chile,,,,,,,,
601-650,拉曼·鲁尔大学,,-,37.3,94.9,8.1,8.4,11.3,46.3
,?Spain,,,,,,,,
601-650,巴黎第二大学,,-,7.8,,77.3,1.2,6.6,7.4
,?France,,,,,,,,
601-650,阿威罗大学,,-,2.4,,24.4,45.7,12.1,6.1
,?Portugal,,,,,,,,
601-650,辛辛那提大学,,-,12.4,2.3,29.1,29.4,13.1,12.9
,?United States,,,,,,,,
601-650,热那亚大学,,-,15.7,1.6,9.8,47.7,15.8,4.7
,?Italy,,,,,,,,
601-650,霍恩海姆大学,,-,26.8,9.3,6.8,56.1,9.4,5
,?Germany,,,,,,,,
601-650,约旦大学,,-,35.1,8.1,15.7,3.6,24.4,33
,?Jordan,,,,,,,,
,?5 QS Stars,,,,,,,,
601-650,曼尼托巴大学,,-,31.6,,41.3,12.3,13.9,17.8
,?Canada,,,,,,,,
601-650,普利茅斯大学,,-,33.9,28.4,12.4,43.2,9.4,12.1
,?United Kingdom,,,,,,,,
601-650,比勒陀利亚大学,,-,7.4,28.8,3,23.2,22.4,38.1
,?South Africa,,,,,,,,
601-650,沙迦大学,,-,100,100,6.7,5.8,13.9,11
,?United Arab Emirates,,,,,,,,
601-650,锡耶纳大学,,-,21.8,1.4,10.4,55.6,11.7,3.2
,?Italy,,,,,,,,
601-650,南卡罗来纳大学,,-,5,25.3,12,31.2,16.4,18.8
,?United States,,,,,,,,
601-650,维多利亚大学,,-,89.7,29,2.1,46.9,8.1,8.2
,?Australia,,,,,,,,
651-700,美利坚大学,,-,18.2,1.4,34.6,5.2,15.9,28.9
,?United States,,,,,,,,
651-700,重庆大学,,-,2.4,1.5,14.6,61.6,6.9,3.1
,?China (Mainland),,,,,,,,
651-700,威廉玛丽学院,,-,11.7,3.3,37,21.6,9,13.5
,?United States,,,,,,,,
651-700,科米诺斯大学在布拉迪斯拉发,,-,26.5,1.3,49.3,4,12.9,3.1
,?Slovakia,,,,,,,,
651-700,德雷塞尔大学,,-,22.2,4.4,32.1,30.9,9.2,7.3
,?United States,,,,,,,,
651-700,埃迪斯科文大学,,-,87.9,58.7,8,23.1,8.4,11.3
,?Australia,,,,,,,,
651-700,匈牙利罗兰大学,,-,25.2,2,21.8,5.8,24,17.4
,?Hungary,,,,,,,,
651-700,博尔扎诺自由大学,,-,30.1,87.3,11.7,37.3,4,2
,?Italy,,,,,,,,
651-700,霍华德大学,,-,6.8,1,66.5,4.4,6,11
,?United States,,,,,,,,
651-700,伊曼纽埃尔·卡特波罗的海联邦大学,,-,27.2,5,67.8,1.7,5.3,2
,?Russia,,,,,,,,
651-700,马来西亚国际伊斯兰大学（IIUM）,,-,64.9,11.6,16.8,3.2,21,18
,?Malaysia,,,,,,,,
651-700,贾达福布尔大学,,-,1.4,,14.1,47.2,13.3,4.8
,?India,,,,,,,,
651-700,鹿儿岛大学,,-,3.5,1.6,71.1,5.1,4.8,2.9
,?Japan,,,,,,,,
651-700,格拉茨大学,,-,32.3,33.2,14.7,14.6,20.8,10
,?Austria,,,,,,,,
651-700,哈立德国王大学,,-,3.4,100,44.7,1.7,8.4,3.1
,?Saudi Arabia,,,,,,,,
651-700,拉合尔管理科学大学（LUMS）,,-,1.8,3.3,29.1,5.6,13.7,57.5
,?Pakistan,,,,,,,,
651-700,下诺夫哥罗德国立大学,,-,17.2,1.3,62.1,2.4,8.8,4.4
,?Russia,,,,,,,,
651-700,澳门科技大学,,-,100,100,4.9,24,3.8,2.9
,?Macau SAR,,,,,,,,
651-700,密歇根理工大学,,-,16.8,4.6,27.9,40.3,5.8,7.2
,?United States,,,,,,,,
651-700,国立中兴大学,,-,9.5,2.8,25.6,16.9,16.6,16.2
,?Taiwan,,,,,,,,
651-700,国立技术大学“哈尔科夫理工学院”,,-,17.9,1.1,68.3,1.3,6,10.3
,?Ukraine,,,,,,,,
651-700,雅典大学,,-,13.6,1.9,2.4,23.5,23.2,29
,?Greece,,,,,,,,
651-700,里约热内卢天主大学,,-,2,4.9,10.4,11,28.8,16.1
,?Brazil,,,,,,,,
651-700,塞维诺夫第一莫斯科国立医科大学,,-,45,3.3,66,1.7,5.3,3.9
,?Russia,,,,,,,,
651-700,双威大学,,-,31.2,20.2,41.8,3.9,7,33.4
,?Malaysia,,,,,,,,
,?5 QS Stars,,,,,,,,
651-700,雪城大学,,-,45,1.9,16.1,22.3,14.1,17.5
,?United States,,,,,,,,
651-700,德岛大学,,-,2.9,1.4,71,9,5.2,1.6
,?Japan,,,,,,,,
651-700,阿尔斯特大学,,-,22.2,99.9,20.9,14.7,9.2,13.2
,?United Kingdom,,,,,,,,
651-700,ICEI大学,,-,2.3,2,66.9,1.6,4.9,16.1
,?Colombia,,,,,,,,
651-700,卡耶塔诺·埃雷迪亚大学,,-,3.1,1.1,60.6,3,9.7,12.6
,?Peru,,,,,,,,
651-700,宗座大学玻利瓦尔,,-,3.7,1.9,57.7,1.8,8.5,26.6
,?Colombia,,,,,,,,
651-700,德安蒂奥基亚大学,,-,1.3,1.6,4.8,4.6,27.4,52.5
,?Colombia,,,,,,,,
,?4 QS Stars,,,,,,,,
651-700,米纳斯吉拉斯联邦大学,,-,2.2,3,14.4,9,30.1,9.6
,?Brazil,,,,,,,,
651-700,玛拉工艺大学,,-,1.6,1.2,13.7,3,25.2,46.5
,?Malaysia,,,,,,,,
651-700,克里特大学,,-,4.7,1.1,4.6,50.1,14.8,12.2
,?Greece,,,,,,,,
651-700,赫尔大学,,-,46.5,44.7,21,29.5,7.7,6.1
,?United Kingdom,,,,,,,,
651-700,海得拉巴大学,,-,2.3,1.2,19.3,46.1,11.4,3.9
,?India,,,,,,,,
651-700,肯塔基大学,,-,5.1,6.8,24.3,32.6,11.5,16.6
,?United States,,,,,,,,
651-700,马萨诸塞大学，波士顿,,-,20.8,1.7,13,37,13.5,9
,?United States,,,,,,,,
651-700,蒙斯大学,,-,38.9,18,4.4,51.2,5.3,14.6
,?Belgium,,,,,,,,
651-700,新不伦瑞克大学,,-,35.4,54.6,30.4,21.3,4.5,11.4
,?Canada,,,,,,,,
,?5 QS Stars,,,,,,,,
651-700,新墨西哥大学,,-,4.9,2.4,28.2,26.1,14.3,7.6
,?United States,,,,,,,,
651-700,俄克拉荷马大学,,-,6.8,11.2,20.7,38.4,9.5,15
,?United States,,,,,,,,
651-700,俄勒冈大学,,-,10.8,2.7,18.2,27,17,12.5
,?United States,,,,,,,,
651-700,佩奇大学,,-,69.2,1.6,37,2.9,12.6,10.5
,?Hungary,,,,,,,,
651-700,朴茨茅斯大学,,-,74.2,71.4,10.2,19.8,8.1,16.5
,?United Kingdom,,,,,,,,
,?5 QS Stars,,,,,,,,
651-700,萨拉曼卡大学,,-,32.9,1.9,18.9,8.5,25.7,10.6
,?Spain,,,,,,,,
651-700,的里雅斯特大学,,-,10.2,2.2,5.4,55.8,11.7,4
,?Italy,,,,,,,,
651-700,佛蒙特大学,,-,4.7,1.6,63.6,17.1,3.4,4
,?United States,,,,,,,,
651-700,罗斯托克大学,,-,16.7,,64.3,8,6.8,2.4
,?Germany,,,,,,,,
651-700,里昂第一大学,,-,15.4,2.8,9.8,33.5,18.5,4.1
,?France,,,,,,,,
651-700,扎耶德大学,,-,2.4,100,32.1,4.1,10.1,10.1
,?United Arab Emirates,,,,,,,,
,?4 QS Stars,,,,,,,,
701-750,阿布扎比大学,,-,100,100,8.8,6.3,7.1,8
,?United Arab Emirates,,,,,,,,
701-750,阿治曼科技大学,,-,100,100,6.7,1.5,8.5,17.6
,?United Arab Emirates,,,,,,,,
,?3 QS Stars,,,,,,,,
701-750,艾因科技大学,,-,100,100,10.3,2.1,10.2,7.4
,?United Arab Emirates,,,,,,,,
,?3 QS Stars,,,,,,,,
701-750,北京工业大学,,-,3.6,2.3,45.6,21.4,7.6,5.4
,?China (Mainland),,,,,,,,
701-750,Bogazi?i大学,,-,3,4.1,4.6,20.4,20.5,36.9
,?Turkey,,,,,,,,
701-750,布尔诺工业大学,,-,70.3,4,22.2,5.1,12,31.6
,?Czech Republic,,,,,,,,
701-750,查尔斯达尔文大学,,-,88.2,43,6.2,29.1,5.3,4.5
,?Australia,,,,,,,,
701-750,纽约市立大学,,-,5.7,2.4,11.2,4.8,27.2,28.8
,?United States,,,,,,,,
701-750,群马大学,,-,4,1.4,70.7,6.7,2.8,1.8
,?Japan,,,,,,,,
701-750,印度理工学院布巴内斯瓦尔分校,,-,1,1.2,20.6,54.4,3,3.3
,?India,,,,,,,,
701-750,布宜诺斯艾利斯理工学院,,-,13.9,14.8,43.2,1.7,7.8,27
,?Argentina,,,,,,,,
701-750,伊斯坦布尔理工大学,,-,14.3,1.6,9.1,11.2,19.7,39
,?Turkey,,,,,,,,
701-750,贾佛大学,,-,2.9,100,45.9,1.5,3,2.7
,?Saudi Arabia,,,,,,,,
701-750,黎巴嫩大学,,-,36.1,29.2,13.8,2,15.7,43.9
,?Lebanon,,,,,,,,
701-750,米德塞斯大学,,-,96.2,83.6,8.5,15.4,5.4,6
,?United Kingdom,,,,,,,,
,推荐,,,,,,,,
701-750,乌克兰国立技术大学“基辅理工学院”,,-,3,1,39.7,1.4,12.9,25.6
,?Ukraine,,,,,,,,
701-750,新泽西理工学院（NJIT）,,-,74.2,47.1,15.1,25.5,4.5,8.7
,?United States,,,,,,,,
701-750,诺森比亚大学,,-,61.1,34.6,12.7,16.5,10.2,22.9
,?United Kingdom,,,,,,,,
,?5 QS Stars,,,,,,,,
701-750,巴黎圣母院大学卢瓦兹分校,,-,32.4,86.7,29.7,3.2,5.3,16.2
,?Lebanon,,,,,,,,
701-750,金达尔环球大学,,-,1.2,8.1,59.3,1.3,6.9,15.9
,?India,,,,,,,,
701-750,大阪府立大学,,-,4.1,1.7,54.2,12.2,5.2,7.6
,?Japan,,,,,,,,
701-750,菲利普斯大学马堡,,-,26,6.1,8.9,36.2,15,4.2
,?Germany,,,,,,,,
701-750,普列汉诺夫俄罗斯经济大学,,-,22.6,3.4,50.4,2.2,8.8,13
,?Russia,,,,,,,,
,?5 QS Stars,,,,,,,,
701-750,巴里理工大学,,-,9.3,1.9,8.4,59.1,5.1,4.7
,?Italy,,,,,,,,
701-750,王子穆罕默德本法赫德大学,,-,21.3,100,17.8,9.6,8.5,13.1
,?Saudi Arabia,,,,,,,,
,?5 QS Stars,,,,,,,,
701-750,圣彼得堡电工大学,,-,52.7,1.8,57.3,1.7,4.5,3.6
,?Russia,,,,,,,,
701-750,史蒂文生理工学院,,-,90.1,26,6.3,37.8,2.9,3.8
,?United States,,,,,,,,
701-750,苏梅州立大学,,-,54.6,1.2,53.1,2,4.7,4.1
,?Ukraine,,,,,,,,
701-750,东京都大学,,-,7.1,2,31.5,23,11.9,5.5
,?Japan,,,,,,,,
701-750,乌法国家航空技术大学（USATU）,,-,2,1,76.6,1.4,3.2,1.9
,?Russia,,,,,,,,
701-750,委内瑞拉中央大学（UCV）,,-,,,19.1,1.2,19.3,47.9
,?Venezuela,,,,,,,,
701-750,伊比利亚美洲大学,,-,3,1.9,27.2,1.3,16.2,44.3
,?Mexico,,,,,,,,
,?4 QS Stars,,,,,,,,
701-750,拉萨瓦纳大学,,-,2.6,2.2,23.2,1.8,15.1,53.2
,?Colombia,,,,,,,,
701-750,圣安德烈斯大学,,-,5.2,2.8,53.6,2,5.7,26.6
,?Argentina,,,,,,,,
701-750,孔波斯特拉大学,,-,6.1,1.1,14.3,21.2,21.8,7.9
,?Spain,,,,,,,,
701-750,罗维拉-威尔吉利大学,,-,25.2,2.5,21.6,41.7,6.5,2.5
,?Spain,,,,,,,,
701-750,布拉德福德大学,,-,78.5,27.8,9.9,22.5,9.1,8.1
,?United Kingdom,,,,,,,,
701-750,海法大学,,-,6.4,10.2,38.2,11.7,13.7,9.8
,?Israel,,,,,,,,
701-750,休斯敦大学,,-,10.8,2.3,4.8,40.4,14.9,16.5
,?United States,,,,,,,,
701-750,哈德斯菲尔德大学,,-,73.6,50.7,7.8,20.8,9.2,13.6
,?United Kingdom,,,,,,,,
701-750,艾米利亚大学,,-,5.4,1.1,2.3,61.5,8.7,3.8
,?Italy,,,,,,,,
701-750,南昆士兰大学,,-,41.9,62.7,4.7,34.6,8.2,9.9
,?Australia,,,,,,,,
,?5 QS Stars,,,,,,,,
701-750,威斯敏斯特大学,,-,100,73.6,6.1,10.8,10.1,8.7
,?United Kingdom,,,,,,,,
701-750,温莎大学,,-,43.1,,1.6,61.8,2.9,6.6
,?Canada,,,,,,,,
701-750,维斯大学大学,,-,6.1,1.3,33.3,8.2,17.5,5.6
,?Spain,,,,,,,,
701-750,波茨坦大学,,-,29.1,36,13,25.2,14.8,2.2
,?Germany,,,,,,,,
701-750,蔚蓝海岸大学,,-,44.7,22.8,4.7,30.7,16.4,2.9
,?France,,,,,,,,
701-750,苏塞大学,,-,2.1,1.1,76.3,1.5,3.1,1
,?Tunisia,,,,,,,,
701-750,弗吉尼亚联邦大学,,-,4,4.3,47.6,16.3,7.1,9.4
,?United States,,,,,,,,
751-800,中东美国大学,,-,23.8,100,16.1,2.6,9.7,14.6
,?Kuwait,,,,,,,,
,?5 QS Stars,,,,,,,,
751-800,白俄罗斯国立技术大学,,-,14.2,1.2,37,1.1,9.2,28.1
,?Belarus,,,,,,,,
751-800,伯恩茅斯大学,,-,52,69.7,6.4,24,5.3,11.5
,?United Kingdom,,,,,,,,
,?5 QS Stars,,,,,,,,
751-800,全南国立大学,,-,9.8,2.4,40.1,15.8,9.2,4.5
,?South Korea,,,,,,,,
751-800,忠南国立大学,,-,10.5,2.6,37.8,11.3,10.3,9.3
,?South Korea,,,,,,,,
751-800,克拉克森大学,,-,12.8,23.2,18.2,44.7,1,3.7
,?United States,,,,,,,,
,推荐,,,,,,,,
751-800,檀国大学,,-,5,1.8,64.8,3.7,3.4,3.4
,?South Korea,,,,,,,,
751-800,佐治亚州立大学,,-,6.6,1.8,5.1,35.2,13.1,20.9
,?United States,,,,,,,,
751-800,泗水理工学院,,-,4.5,45.7,26.1,2.1,11.2,22.4
,?Indonesia,,,,,,,,
751-800,民族工业学院(IPN),,-,1.2,1.3,10.6,3,20.1,50.4
,?Mexico,,,,,,,,
,?3 QS Stars,,,,,,,,
751-800,墨西哥自治大学（ITAM）,,-,1.7,35,15.4,1.8,13.8,47.9
,?Mexico,,,,,,,,
751-800,印度国立伊斯兰大学,,-,3.3,1.4,48.7,12.2,6.2,3.5
,?India,,,,,,,,
751-800,暨南大学,,-,85.6,34.4,10.1,26.5,4.1,2.1
,?China (Mainland),,,,,,,,
751-800,卡拉甘达国立技术大学,,-,8.6,1.2,64.5,1,5.1,4.5
,?Kazakhstan,,,,,,,,
751-800,基尔大学,,-,31.3,37.1,19.9,28,6.2,3.3
,?United Kingdom,,,,,,,,
751-800,兰州大学,,-,1.7,1.3,22.8,37.8,7.4,1.7
,?China (Mainland),,,,,,,,
751-800,马尼拉大学,,-,5.7,1.1,52.8,3.2,7.9,8.2
,?India,,,,,,,,
751-800,梅努斯大学,,-,21.4,82.8,11.2,14.6,10.1,9.7
,?Ireland,,,,,,,,
751-800,纽芬兰纪念大学,,-,55.5,13.2,13.8,28.6,5.8,8.3
,?Canada,,,,,,,,
751-800,西北大学（中国）,,-,3.4,1.6,52.6,14,3.6,1.3
,?China (Mainland),,,,,,,,
751-800,瓦尔帕莱索天主教大学,,-,1.6,4.4,6.1,7.2,22.6,28.7
,?Chile,,,,,,,,
751-800,诺拉·宾特·阿卜杜勒拉曼公主大学,,-,24.5,73.5,16.6,1.3,12,16.3
,?Saudi Arabia,,,,,,,,
751-800,里加技术大学,,-,49.9,5.6,23.7,3.2,12.1,22.1
,?Latvia,,,,,,,,
,?5 QS Stars,,,,,,,,
751-800,立命馆大学,,-,9.7,12.7,9.5,3.7,12.9,59.1
,?Japan,,,,,,,,
751-800,设拉子大学,,-,1.6,,6.3,56.7,7,5.5
,"?Iran, Islamic Republic of",,,,,,,,
751-800,南十字大学,,-,83.8,67,4.6,27.2,3.8,4
,?Australia,,,,,,,,
751-800,塔林理工大学,,-,30.1,19.1,22.6,12.6,12.7,15
,?Estonia,,,,,,,,
751-800,天普大学,,-,7.3,1.6,24.2,21.5,13.7,9.5
,?United States,,,,,,,,
751-800,阿道夫·伊瓦涅斯大学,,-,4.9,17.6,3.6,5.3,14.9,65.7
,?Chile,,,,,,,,
751-800,旧金山基多大学,,-,2.1,50.8,30.1,2,10.8,16.1
,?Ecuador,,,,,,,,
751-800,托尔夸托迪特利亚大学,,-,46.1,17.6,19.9,4.8,11.4,32.3
,?Argentina,,,,,,,,
751-800,德拉共和大学（UdelaR）,,-,3,2.3,21.1,1.6,20.4,19.3
,?Uruguay,,,,,,,,
751-800,罗萨里奥大学,,-,1.6,4.1,21.5,2.7,12.6,50.5
,?Colombia,,,,,,,,
,?4 QS Stars,,,,,,,,
751-800,联邦大学里约热内卢大学,,-,1.8,1.2,8.7,12.5,27.8,5
,?Brazil,,,,,,,,
751-800,国家能源大学,,-,26.6,4,40.3,9.6,7.3,14.8
,?Malaysia,,,,,,,,
751-800,杜塞尔多夫大学,,-,17.8,,34.4,8.5,12.9,7.6
,?Germany,,,,,,,,
751-800,奥尔巴尼纽约州立大学,,-,10,2.1,6.9,45.9,8.8,8.4
,?United States,,,,,,,,
751-800,布雷西亚大学,,-,13.9,1.5,6,59.8,3.9,2.2
,?Italy,,,,,,,,
751-800,中佛罗里达大学,,-,5.1,5.9,3.5,26.5,15.3,24.9
,?United States,,,,,,,,
751-800,丹佛大学,,-,6.8,1.4,43.3,16.8,5.6,8.8
,?United States,,,,,,,,
751-800,格林威治大学,,-,99.1,86.5,7.1,11.2,4.5,6
,?United Kingdom,,,,,,,,
751-800,马里兰大学，巴尔的摩县,,-,13.1,15.4,14.2,27.6,11.4,7.3
,?United States,,,,,,,,
751-800,萨格勒布大学,,-,1.7,1.1,35,4.3,15.8,7
,?Croatia,,,,,,,,
751-800,佩鲁贾大学,,-,6.8,2.4,4.1,53.7,8,2.2
,?Italy,,,,,,,,
751-800,舍布鲁克大学,,-,9.9,44.4,23.3,19.4,5.9,15.4
,?Canada,,,,,,,,
751-800,维尔纽斯Gediminas技术大学,,-,27.6,3,32.8,7.7,10.6,16.8
,?Lithuania,,,,,,,,
751-800,伍斯特理工学院,,-,33.2,9.6,17.9,35.3,3.8,7
,?United States,,,,,,,,
,推荐,,,,,,,,
801-1000,波兰克拉科夫AGH科技大学,,-,2.4,1.2,30.7,8.6,9,11
,?Poland,,,,,,,,
801-1000,卡拉甘达州立大学E.Buketov,,-,6.3,2.8,30.8,1.3,9.6,11
,?Kazakhstan,,,,,,,,
801-1000,波兹南密茨凯维奇大学,,-,3.6,2.3,25,5.8,16.3,5.6
,?Poland,,,,,,,,
801-1000,艾因·沙姆斯大学,,-,3.8,11.4,8.7,1.9,18.9,15
,?Egypt,,,,,,,,
,?5 QS Stars,,,,,,,,
801-1000,安卡拉大学,,-,7,1.3,13.2,2.6,15.4,8.3
,?Turkey,,,,,,,,
801-1000,安娜大学,,-,1.8,,5.2,30.9,6.8,10.6
,?India,,,,,,,,
801-1000,奥本大学,,-,11.2,2,7.8,22.6,7.2,11.4
,?United States,,,,,,,,
801-1000,澳洲天主大学,,-,51.6,63.1,5.1,15.9,7.5,12.2
,?Australia,,,,,,,,
,?4 QS Stars,,,,,,,,
801-1000,孟加拉国工程技术大学,,-,1.1,,19.6,7.8,13.1,22.5
,?Bangladesh,,,,,,,,
801-1000,北京外国语大学,,-,31.9,9.6,31.6,1.4,5.9,2.5
,?China (Mainland),,,,,,,,
801-1000,北京交通大学,,-,12.5,1.9,18.9,25.5,10.6,4.9
,?China (Mainland),,,,,,,,
801-1000,北京中医药大学,,-,10.4,,40.4,5.8,4,1.7
,?China (Mainland),,,,,,,,
801-1000,北京邮电大学,,-,2,1.9,12,33.3,3.3,2.1
,?China (Mainland),,,,,,,,
801-1000,贝鲁特阿拉伯大学,,-,39,61,12.1,2.1,7.4,17.2
,?Lebanon,,,,,,,,
801-1000,比勒费尔德大学,,-,9.1,9.7,10,10.6,14.2,3
,?Germany,,,,,,,,
801-1000,纽约州立大学宾厄姆顿大学,,-,17.4,2.6,6.2,22.9,7.4,8.6
,?United States,,,,,,,,
801-1000,布达佩斯理工大学,,-,17.6,1.2,17.1,10.2,13.6,24
,?Hungary,,,,,,,,
801-1000,CY塞尔吉-巴黎大学,,-,55.6,24.4,34.3,10.5,3.2,2.3
,?France,,,,,,,,
801-1000,威尼斯大学,,-,10,17.2,4.3,12.9,18,18.1
,?Italy,,,,,,,,
801-1000,卡塔尼亚大学,,-,1.5,1.3,5.2,31.9,11.8,3.6
,?Italy,,,,,,,,
801-1000,查尔斯·斯坦特大学,,-,96.3,10.2,4.3,11.3,4.3,8.5
,?Australia,,,,,,,,
801-1000,克莱蒙森大学,,-,6.9,1.3,12.8,26.5,8.6,19.3
,?United States,,,,,,,,
801-1000,布达佩斯科维纳斯大学,,-,45.8,2.5,4.4,4,11,20.1
,?Hungary,,,,,,,,
801-1000,理工大学，克拉科夫,,-,2.4,1.2,23.9,4.2,10.5,18.3
,?Poland,,,,,,,,
801-1000,捷克生命科学大学,,-,55.5,13.1,10.4,8.7,9.8,6.9
,?Czech Republic,,,,,,,,
801-1000,德拉萨大学,,-,3.1,1.2,12.5,3.7,18.5,29.3
,?Philippines,,,,,,,,
801-1000,德蒙福特大学,,-,95.3,58.2,5.6,7.9,5.1,5.5
,?United Kingdom,,,,,,,,
801-1000,爱丁堡纳皮尔大学,,-,89,44.7,6.2,8.2,4.7,4.6
,?United Kingdom,,,,,,,,
,?4 QS Stars,,,,,,,,
801-1000,俄罗斯联邦政府金融大学,,-,7.3,1.1,42.2,1.6,4,6.3
,?Russia,,,,,,,,
801-1000,佛罗里达国际大学,,-,15.4,9.4,10.5,15.2,14.4,22.4
,?United States,,,,,,,,
801-1000,福坦莫大学,,-,25.8,3.4,20.1,7.5,6.7,10.9
,?United States,,,,,,,,
801-1000,格但斯克理工大学,,-,4.2,1.2,34.9,10.3,7.9,11
,?Poland,,,,,,,,
801-1000,乔治·梅森大学,,-,13.1,2.8,11.2,16.3,9.2,8
,?United States,,,,,,,,
801-1000,德国约旦大学,,-,20.2,42.6,21.6,3.4,5.7,8.4
,?Jordan,,,,,,,,
801-1000,海湾大学科技（GUST）,,-,26.3,100,7.2,3.8,5.7,6.3
,?Kuwait,,,,,,,,
801-1000,哈西德佩大学,,-,2.8,1.3,8.1,6.8,15.6,13.5
,?Turkey,,,,,,,,
801-1000,哈尔滨工程大学,,-,2.9,1.8,26.4,29.7,3.4,1.7
,?China (Mainland),,,,,,,,
801-1000,印第安纳大学与普渡大学印第安纳波利斯联合分校,,-,5.1,14.4,26.3,16.8,8.3,7.7
,?United States,,,,,,,,
801-1000,国际基督教大学,,-,15,71.8,16.2,2,4.1,11.4
,?Japan,,,,,,,,
801-1000,麦地那伊斯兰大学,,-,100,97.8,8.6,1.3,3.6,3.6
,?Saudi Arabia,,,,,,,,
801-1000,伊斯坦布尔大学,,-,10.3,2.6,1.9,6.4,22.8,13.5
,?Turkey,,,,,,,,
801-1000,约旦科技大学,,-,24,5.5,20.3,3.4,15.9,21.5
,?Jordan,,,,,,,,
801-1000,堪萨斯州立大学,,-,10.3,28.9,16.5,20.2,10.3,12
,?United States,,,,,,,,
,?5 QS Stars,,,,,,,,
801-1000,泰国农业大学,,-,1.6,2.6,6.6,2.5,23.6,26.8
,?Thailand,,,,,,,,
,?4 QS Stars,,,,,,,,
801-1000,考纳斯理工大学,,-,11.2,1.4,32.8,5.4,11.3,16.3
,?Lithuania,,,,,,,,
801-1000,哈萨克斯坦Ablai汗国际关系与世界语言大学,,-,4.6,2.1,38.8,1,5.5,5.1
,?Kazakhstan,,,,,,,,
801-1000,哈萨克斯坦英国技术大学,,-,2.7,8.3,30.9,1.3,10.3,16.2
,?Kazakhstan,,,,,,,,
801-1000,喀山国立研究理工大学,,-,43.7,1.1,34.2,1.7,3.1,3.3
,?Russia,,,,,,,,
801-1000,孔敬大学,,-,3.8,2.9,8.6,4.3,15.6,17.7
,?Thailand,,,,,,,,
,?4 QS Stars,,,,,,,,
801-1000,费萨尔国王大学,,-,2.3,99.7,10,2,12.5,5.4
,?Saudi Arabia,,,,,,,,
801-1000,蒙古特国王理工大学,,-,2.5,2.8,15,6.9,13.1,13
,?Thailand,,,,,,,,
801-1000,京都工艺纤维大学,,-,12.8,2.5,20.8,14.7,6.4,4.2
,?Japan,,,,,,,,
801-1000,九州工业大学,,-,5.6,3.8,13.4,26,4.7,4.5
,?Japan,,,,,,,,
801-1000,利物浦约翰·穆尔斯大学,,-,33.8,34.7,11.2,16.9,10.2,7
,?United Kingdom,,,,,,,,
801-1000,罗兹技术大学,,-,4,1.3,37.9,8.2,5.4,4.1
,?Poland,,,,,,,,
801-1000,伦敦都会大学,,-,99.5,44.5,7.3,4.9,5.9,4.8
,?United Kingdom,,,,,,,,
801-1000,伦敦南岸大学,,-,93.9,66.9,12.7,6.7,3.3,3.2
,?United Kingdom,,,,,,,,
,?5 QS Stars,,,,,,,,
801-1000,路易斯安那州立大学,,-,4.6,4,6.2,32,9.9,12.6
,?United States,,,,,,,,
801-1000,芝加哥洛约拉大学,,-,4.9,1.6,23.8,10.9,8.2,19.1
,?United States,,,,,,,,
801-1000,利沃夫理工大学,,-,1.7,1,47.4,1.7,7.1,11.3
,?Ukraine,,,,,,,,
801-1000,曼彻斯特城市大学,,-,44.6,27.2,12.6,8.2,11.2,14
,?United Kingdom,,,,,,,,
801-1000,孟德尔大学,,-,47.9,5.6,34.8,6.1,6.9,7.1
,?Czech Republic,,,,,,,,
801-1000,俄罗斯化工大学门捷列夫,,-,6.7,1,46,2.3,3.5,3.2
,?Russia,,,,,,,,
801-1000,KIMEP大学,,-,19.4,79,29,2.2,6.6,9.8
,?Kazakhstan,,,,,,,,
801-1000,南京航空航天大学,,-,3.7,2.1,15.6,38.7,3.8,3
,?China (Mainland),,,,,,,,
801-1000,国立中正大学,,-,9.8,1.6,21,7,12.5,13.7
,?Taiwan,,,,,,,,
801-1000,尼古拉哥白尼大学,,-,3.5,1.4,43.4,4.5,7.4,2.9
,?Poland,,,,,,,,
801-1000,诺丁汉特伦特大学,,-,56.6,49.2,9.7,7.2,9.9,20.4
,?United Kingdom,,,,,,,,
,?5 QS Stars,,,,,,,,
801-1000,新西伯利亚州立技术大学,,-,51.2,1.3,28.3,2,6.9,7.6
,?Russia,,,,,,,,
801-1000,俄克拉荷马州立大学,,-,9.5,40.6,14.8,16.4,9.9,10.9
,?United States,,,,,,,,
,?5 QS Stars,,,,,,,,
801-1000,帕丽斯·洛德伦萨尔茨堡大学,,-,97.4,,4.5,24.7,8.9,2.4
,?Austria,,,,,,,,
801-1000,彼尔姆州立大学,,-,5.5,1.1,48.8,1.5,4.7,1.6
,?Russia,,,,,,,,
801-1000,本地治里大学,,-,1.4,1.3,7.1,46.1,3.2,1.9
,?India,,,,,,,,
801-1000,圣保罗天主教大学（PUC-SP）,,-,1.4,1.8,28.1,1.2,11.8,17.3
,?Brazil,,,,,,,,
801-1000,波兹南理工大学,,-,3.4,1.2,28.3,7.3,6.6,6.3
,?Poland,,,,,,,,
801-1000,宋卡王子大学,,-,2.3,1.6,16.2,3.1,18.2,13.2
,?Thailand,,,,,,,,
,?4 QS Stars,,,,,,,,
801-1000,苏马亚公学技术大学,,-,40.1,57.2,15.6,6.7,4.9,10.2
,?Jordan,,,,,,,,
,?5 QS Stars,,,,,,,,
801-1000,卡西姆大学,,-,6.6,99,24.5,1.4,5.1,1.9
,?Saudi Arabia,,,,,,,,
,?5 QS Stars,,,,,,,,
801-1000,玛格丽特皇后大学,,-,86.8,38.5,6.2,15.8,4.6,4.1
,?United Kingdom,,,,,,,,
801-1000,罗德斯大学,,-,40.6,,14.9,25.1,6.7,7.8
,?South Africa,,,,,,,,
801-1000,里加斯特拉斯大学,,-,86.1,5.2,18.6,2,6.4,9.5
,?Latvia,,,,,,,,
801-1000,罗伯特戈顿大学,,-,60.3,46,6.4,5.8,3.8,12.3
,?United Kingdom,,,,,,,,
801-1000,俄罗斯国家经济和公共行政学院院长,,-,3.2,1.2,51.2,1.2,4.6,5.6
,?Russia,,,,,,,,
801-1000,罗格斯堡 - 新泽西州立大学纽瓦克,,-,19.1,13.8,15.7,11.7,12.1,7.8
,?United States,,,,,,,,
801-1000,瑞尔森大学,,-,4.3,,1.7,37,6.6,25.5
,?Canada,,,,,,,,
801-1000,西雅图大学,,-,17.9,1,35.9,3.2,5,4.3
,?United States,,,,,,,,
801-1000,信州大学,,-,3.5,2.2,37.9,17.7,3.4,2.8
,?Japan,,,,,,,,
801-1000,Siksha 'O' Anusandhan 大学,,-,2.1,1.1,41.9,3.8,3.1,2.3
,?India,,,,,,,,
801-1000,Gliwice西里西亚理工大学,,-,2,1.1,35.2,6,4.9,4.4
,?Poland,,,,,,,,
801-1000,斯洛伐克理工大学布拉迪斯拉发,,-,3.1,1.2,39.6,4.9,9.1,7.7
,?Slovakia,,,,,,,,
801-1000,上智大学,,-,23.7,20.7,18.8,2.6,11.1,18.4
,?Japan,,,,,,,,
,推荐,,,,,,,,
801-1000,南乌拉尔国立大学,,-,19.1,3.5,44.7,1.9,7.8,4.4
,?Russia,,,,,,,,
801-1000,南卫理公会大学,,-,20.9,3.9,37.6,10.2,5.6,5.8
,?United States,,,,,,,,
801-1000,匈牙利农业与生命科学大学,,-,33.9,1.1,39,2.5,5.2,4.8
,?Hungary,,,,,,,,
801-1000,塞切尼·伊什特万大学,,-,6.6,1.1,37.2,1.5,5.9,21.6
,?Hungary,,,,,,,,
,?3 QS Stars,,,,,,,,
801-1000,多特蒙德工业大学,,-,15.4,9.5,14.9,9.9,13.3,11.6
,?Germany,,,,,,,,
801-1000,科希策技术大学,,-,43.1,1.1,27.4,4.8,6.6,1.5
,?Slovakia,,,,,,,,
801-1000,利伯雷茨技术大学,,-,10.1,5.5,46.1,4.6,4.4,2.8
,?Czech Republic,,,,,,,,
801-1000,都柏林理工学院,,-,47.9,14.5,13.8,3.9,10.9,14.8
,?Ireland,,,,,,,,
801-1000,哥斯达黎加技术学院,,-,1.8,2.2,23.2,1.3,8.3,37.5
,?Costa Rica,,,,,,,,
801-1000,德克萨斯理工大学,,-,7.6,5.7,6.7,17.7,10.8,15.2
,?United States,,,,,,,,
801-1000,阿拉巴马大学,,-,4,1.8,6,14.5,9.4,27.7
,?United States,,,,,,,,
801-1000,东京科技大学,,-,3.2,3.4,11.2,18.1,11.5,36.6
,?Japan,,,,,,,,
801-1000,格但斯克大学,,-,3,1.7,27.7,3.8,11,3.9
,?Poland,,,,,,,,
801-1000,自治城市大学（UAM）,,-,1.3,2.9,6.2,2.8,23.6,19.3
,?Mexico,,,,,,,,
801-1000,查平戈大学,,-,,,57.6,1.3,4.2,2.8
,?Mexico,,,,,,,,
801-1000,伊达尔戈州自治大学,,-,1.8,1.4,53.8,1.4,4.2,7
,?Mexico,,,,,,,,
,?4 QS Stars,,,,,,,,
801-1000,墨西哥州立自治大学,,-,1.2,1.1,6.4,1.4,21.4,10.7
,?Mexico,,,,,,,,
801-1000,安德鲁贝罗天主大学,,-,1.6,,2.9,1,21.4,50.6
,?Venezuela,,,,,,,,
801-1000,乌拉圭天主教大学,,-,2,3.7,42.3,1.2,9.5,17.6
,?Uruguay,,,,,,,,
801-1000,迭戈波塔利斯大学,,-,2.9,4,10.6,5.1,14.6,32.7
,?Chile,,,,,,,,
801-1000,EAFIT大学,,-,3.1,1.6,4,2.3,11.4,56.4
,?Colombia,,,,,,,,
801-1000,圣马科斯国立大学,,-,,,8.1,1.2,18.3,36.5
,?Peru,,,,,,,,
801-1000,科尔多瓦国立大学,,-,2,1.2,12.2,1.8,20.3,15.1
,?Argentina,,,,,,,,
801-1000,罗萨里奥国立大学,,-,,,21.2,1.1,19.1,10.9
,?Argentina,,,,,,,,
801-1000,圣路易斯国立大学,,-,,,51.9,1.6,4.3,1.8
,?Argentina,,,,,,,,
801-1000,委内瑞拉西蒙·博利瓦尔大学,,-,1,1.1,10.2,2.8,15.2,32.8
,?Venezuela,,,,,,,,
801-1000,国立理工大学（UTN）,,-,1.8,,45.6,1.1,3.4,31.2
,?Argentina,,,,,,,,
801-1000,巴拿马大学（UTP）,,-,5,1.4,26.8,1,7.6,27.5
,?Panama,,,,,,,,
801-1000,大西洋学院费德里科圣玛丽亚大学,,-,4.3,4.8,4.8,5.7,10.5,42.9
,?Chile,,,,,,,,
801-1000,瓜达拉哈拉大学（UDG）,,-,1.2,1.3,26.8,1.2,19.1,13.1
,?Mexico,,,,,,,,
801-1000,洛斯安第斯大学梅里达,,-,2.2,1.1,18.9,1.3,12.8,20
,?Venezuela,,,,,,,,
801-1000,奥维耶多大学,,-,,,10.6,31.2,11.6,3.1
,?Spain,,,,,,,,
801-1000,拉斯美洲普埃布拉大学（UDLAP）,,-,8.6,14.9,31.6,1.9,7.8,20
,?Mexico,,,,,,,,
,?5 QS Stars,,,,,,,,
801-1000,洛斯安第斯大学智利,,-,2.4,5.1,10.6,3.4,12.3,27.7
,?Chile,,,,,,,,
801-1000,山谷大学,,-,1,1.3,8,2.3,17.5,22.9
,?Colombia,,,,,,,,
801-1000,葡萄牙天主大学,,-,5.9,1.2,14.3,6.2,12.5,15.8
,?Portugal,,,,,,,,
801-1000,伯南布哥联邦大学,,-,1.4,1.1,23.4,3.8,12.6,3.1
,?Brazil,,,,,,,,
801-1000,圣卡塔琳娜州联邦大学,,-,2.2,1.6,18.6,6.9,18.7,6.3
,?Brazil,,,,,,,,
801-1000,圣卡洛斯联邦大学,,-,2,1.5,18.7,16,13.5,6.3
,?Brazil,,,,,,,,
801-1000,巴拉那联邦大学（UFP的）,,-,1.1,1.4,20.8,5,12.9,8.6
,?Brazil,,,,,,,,
801-1000,大学科鲁尼亚大学,,-,5.2,1.3,29.6,9,5.4,6.1
,?Spain,,,,,,,,
801-1000,德巴西利亚大学,,-,2.9,2.9,13.1,4.1,23.3,8.1
,?Brazil,,,,,,,,
801-1000,马尔凯理工大学,,-,4.9,1.7,11.3,48.5,5.1,2.7
,?Italy,,,,,,,,
801-1000,费拉拉大学大学,,-,5.2,1.3,3,52.2,5.7,2.7
,?Italy,,,,,,,,
801-1000,Padjadjaran大学,,-,1.6,6.2,30.2,1.3,12.9,17.6
,?Indonesia,,,,,,,,
801-1000,吉隆坡大学（UniKL）,,-,3.7,2.3,38.6,2.1,7.3,5.7
,?Malaysia,,,,,,,,
801-1000,马来西亚彭亨大学,,-,11,15.3,15.9,19.6,10.9,8.6
,?Malaysia,,,,,,,,
801-1000,玻璃市马来西亚大学,,-,4.5,1.2,41.2,5.4,7.1,5.1
,?Malaysia,,,,,,,,
,?5 QS Stars,,,,,,,,
801-1000,马来西亚拉曼大学,,-,2.3,3.7,11.6,4.4,11.5,29.7
,?Malaysia,,,,,,,,
801-1000,阿利坎特大学,,-,16.2,1.9,25.7,10.6,13,6.8
,?Spain,,,,,,,,
801-1000,巴格达大学,,-,1.1,1.1,37.1,1.4,9.6,12.6
,?Iraq,,,,,,,,
801-1000,巴林大学,,-,42,96,8.4,1.9,11.2,8.4
,?Bahrain,,,,,,,,
801-1000,巴里大学,,-,2.1,1.8,4.9,29.4,11.9,3.5
,?Italy,,,,,,,,
801-1000,布莱顿大学,,-,54.9,42.4,11.5,12.5,8.8,6.8
,?United Kingdom,,,,,,,,
801-1000,加尔各答大学,,-,1.4,7.2,6.3,23.1,15,7
,?India,,,,,,,,
801-1000,中央兰开夏大学,,-,61.1,18.1,16.7,7.1,5.2,4.9
,?United Kingdom,,,,,,,,
801-1000,达卡大学,,-,1.1,1.1,14,2.5,17.9,29.9
,?Bangladesh,,,,,,,,
801-1000,东伦敦大学,,-,98.2,70.6,5.5,8.3,4.2,4.4
,?United Kingdom,,,,,,,,
801-1000,拉合尔工程技术大学,,-,5.6,1,19.5,4,6.8,33.7
,?Pakistan,,,,,,,,
801-1000,哈特福德大学,,-,9.5,7,35.3,2.3,4.8,13.9
,?United States,,,,,,,,
801-1000,赫特福德大学,,-,93.6,39.4,9.9,7.7,4.1,5.6
,?United Kingdom,,,,,,,,
801-1000,哈拉德茨克拉洛夫大学,,-,7,7.7,43.1,3.3,4.7,2.1
,?Czech Republic,,,,,,,,
801-1000,夸祖鲁-纳塔尔大学,,-,2,16.7,6.7,20.3,12.2,8.9
,?South Africa,,,,,,,,
801-1000,林肯大学,,-,13.9,64.2,10.8,9.1,5.9,8.3
,?United Kingdom,,,,,,,,
,?5 QS Stars,,,,,,,,
,推荐,,,,,,,,
801-1000,罗兹大学,,-,10.9,1.4,35.8,3.3,10.9,4
,?Poland,,,,,,,,
801-1000,马耳他大学,,-,13.2,6,43.3,6.6,5.1,1.6
,?Malta,,,,,,,,
801-1000,马里博尔大学,,-,8.6,1.2,41.9,8.9,6.7,4.1
,?Slovenia,,,,,,,,
801-1000,墨西拿大学,,-,2.8,1.1,12.7,30.5,7,1.9
,?Italy,,,,,,,,
801-1000,密西西比大学,,-,3.3,3.4,40.9,9.7,3.7,5.3
,?United States,,,,,,,,
801-1000,密苏里大学堪萨斯城分校,,-,10.2,1.6,23.4,16.2,5.3,6.5
,?United States,,,,,,,,
801-1000,穆尔西亚大学,,-,7.3,1.4,31.2,6.2,11.7,2.1
,?Spain,,,,,,,,
801-1000,帕尔特诺佩大学,,-,2.2,1.2,4,40.7,3.2,1.9
,?Italy,,,,,,,,
801-1000,新英格兰大学,,-,4.6,1.4,1.6,27.8,10.4,7.5
,?Australia,,,,,,,,
801-1000,新罕布什尔大学,,-,5.9,1.1,10,37.7,5.8,6.3
,?United States,,,,,,,,
801-1000,巴勒莫大学,,-,2.1,1.2,6.9,29.1,9.9,2.4
,?Italy,,,,,,,,
801-1000,帕尔马大学,,-,7.5,1.2,2.9,36.3,9.4,3.2
,?Italy,,,,,,,,
801-1000,帕特雷大学,,-,4.6,1.1,2.5,36.4,11.9,18.2
,?Greece,,,,,,,,
801-1000,萨莱诺大学,,-,2.1,1.3,4.9,35.8,7.6,2.4
,?Italy,,,,,,,,
801-1000,索尔福德大学,,-,52.4,19.4,10.1,9.6,7.8,4.9
,?United Kingdom,,,,,,,,
801-1000,圣托马斯大学（菲律宾）,,-,7.6,15.7,14.4,1.2,11.5,20.3
,?Philippines,,,,,,,,
,?5 QS Stars,,,,,,,,
801-1000,首尔市立大学,,-,7,1.4,31.3,9.2,11.3,9.4
,?South Korea,,,,,,,,
801-1000,德克萨斯大学圣安东尼奥分校,,-,3.1,2.5,4.8,30.3,7.3,4.8
,?United States,,,,,,,,
801-1000,塔尔萨大学,,-,27.2,1.7,34.6,17.4,2.5,4.3
,?United States,,,,,,,,
801-1000,秋明州立大学,,-,17.2,2,56.6,1.5,3.6,2
,?Russia,,,,,,,,
801-1000,威斯康星大学密尔沃基分校,,-,5.4,2,11,22.2,8.6,4.7
,?United States,,,,,,,,
801-1000,弗罗茨瓦夫大学,,-,8.3,1.5,23.2,5.8,15.7,11.9
,?Poland,,,,,,,,
801-1000,怀俄明大学,,-,5.9,2.9,22.1,30.2,2.4,1.8
,?United States,,,,,,,,
801-1000,旁遮普大学,,-,1.4,1.4,5.1,7.1,13.6,40.2
,?Pakistan,,,,,,,,
801-1000,英国西部大学,,-,61.9,28.2,11,11.8,9.3,11.6
,?United Kingdom,,,,,,,,
801-1000,日利纳大学,,-,2.6,1.5,49.1,5.4,4.4,1.1
,?Slovakia,,,,,,,,
801-1000,乌迪内大学,,-,5.1,1.7,11.2,28.7,6.9,3.8
,?Italy,,,,,,,,
801-1000,罗马帝国大学,,-,5.4,3.2,2.3,17.6,16.7,6.8
,?Italy,,,,,,,,
801-1000,杜伊斯堡-埃森大学,,-,46.8,22.4,8.5,16.1,11.5,4.9
,?Germany,,,,,,,,
801-1000,图卢兹第一大学,,-,57.1,16.2,1.4,2.3,14.3,4.1
,?France,,,,,,,,
801-1000,里尔大学,,-,20.5,6.9,5,7.2,25.9,5.2
,?France,,,,,,,,
801-1000,洛林大学,,-,36.6,8.7,8.2,10.3,13.8,5.3
,?France,,,,,,,,
801-1000,南特大学,,-,16.3,7.1,8.4,15.8,11,2.9
,?France,,,,,,,,
801-1000,雷恩第一大学,,-,14.2,4.8,14.5,14.8,16,3.7
,?France,,,,,,,,
801-1000,维罗纳大学,,-,4.8,1.8,6.1,32.1,8.7,5.9
,?Italy,,,,,,,,
801-1000,胡志明市国家大学,,-,1.4,2.1,12.2,1.6,20.7,15.3
,?Vietnam,,,,,,,,
801-1000,越南河内国家大学,,-,1.8,1.6,15.5,2.3,16.6,12.1
,?Vietnam,,,,,,,,
801-1000,维陶塔斯·马格纳斯大学,,-,23.1,12,12.2,3.7,12.4,13
,?Lithuania,,,,,,,,
801-1000,西弗吉尼亚大学,,-,9.3,2,12.8,25.1,6.1,8.1
,?United States,,,,,,,,
801-1000,弗罗茨瓦夫理工大学,,-,5.3,1.2,29.5,5.9,11.9,18.2
,?Poland,,,,,,,,
801-1000,武汉理工大学,,-,3.1,,14.4,29.4,5.9,2.4
,?China (Mainland),,,,,,,,
801-1000,西交利物浦大学,,-,9.8,100,9.1,6.1,4.7,2.2
,?China (Mainland),,,,,,,,
801-1000,山口大学,,-,3.5,2.7,48.9,5.5,4,1.6
,?Japan,,,,,,,,
801-1000,埃里温州立大学,,-,4,1.8,49.9,1.5,6.1,4.9
,?Armenia,,,,,,,,
801-1000,岭南大学,,-,10.1,11.1,15,26.3,4.9,3.8
,?South Korea,,,,,,,,
801-1000,横滨国立大学,,-,11.8,2.9,21.2,11.5,11.1,15.7
,?Japan,,,,,,,,
1001-1200,圣城大学耶路撒冷的阿拉伯大学,,-,5.1,31.8,13.9,1.7,3.6,4.5
,"?Palestinian Territory, Occupied",,,,,,,,
1001-1200,阿兹哈尔大学,,-,8.4,1,11.4,1.2,8.8,4.7
,?Egypt,,,,,,,,
1001-1200,亚历山大大学,,-,3,1.2,6.9,1.9,18.7,9.7
,?Egypt,,,,,,,,
1001-1200,阿里格尔穆斯林大学,,-,2.4,,24.8,9,7.7,3.6
,?India,,,,,,,,
1001-1200,爱美大学,,-,20.9,1.3,17.4,3.5,5.4,7.1
,?India,,,,,,,,
1001-1200,阿米里大学,,-,1.9,22.7,29.4,4.9,3.3,3.9
,?India,,,,,,,,
1001-1200,安纳哈大学,,-,19.5,18.6,7.7,2,4.9,12.4
,"?Palestinian Territory, Occupied",,,,,,,,
1001-1200,阿纳多卢大学,,-,3.4,1.2,19.6,3.8,3.5,4
,?Turkey,,,,,,,,
1001-1200,艾斯尤特大学,,-,2.3,13.6,14.2,2.3,9.6,4.7
,?Egypt,,,,,,,,
1001-1200,雅典经商大学,,-,6,1.1,1.4,15.9,6.8,33
,?Greece,,,,,,,,
1001-1200,阿塞拜疆国立经济大学,,-,2.4,1.6,18.2,1,6.2,6.4
,?Azerbaijan,,,,,,,,
1001-1200,布拉克大学,,-,2,1.2,23.4,1.6,7.8,18.3
,?Bangladesh,,,,,,,,
1001-1200,宝贝博爱大学,,-,4.5,9.6,4.1,6.4,17.2,8.1
,?Romania,,,,,,,,
1001-1200,巴库州立大学,,-,2,1.1,26.5,1.3,6.2,2.2
,?Azerbaijan,,,,,,,,
1001-1200,班纳拉斯印度大学,,-,2,1.1,13.8,12.5,9.9,5.2
,?India,,,,,,,,
1001-1200,贝勒大学,,-,4.9,1.4,19,9.4,5.7,9.3
,?United States,,,,,,,,
1001-1200,白俄罗斯国立信息大学和放射性电子学系,,-,3.2,1,14.4,1.3,6.2,21.4
,?Belarus,,,,,,,,
1001-1200,普埃布拉自治大学,,-,1.2,1.6,5.6,1.8,15.5,7.8
,?Mexico,,,,,,,,
1001-1200,建国大学（BINUS）,,-,4.5,4.8,22.3,1.5,9.8,9.7
,?Indonesia,,,,,,,,
,?5 QS Stars,,,,,,,,
1001-1200,伯拉科技学院,,-,2.3,1.1,7.6,19.6,7,12.9
,?India,,,,,,,,
1001-1200,伯明翰城市大学,,-,74.9,20.9,10.1,2.9,5,6.1
,?United Kingdom,,,,,,,,
1001-1200,杨百翰大学,,-,3.9,1,4.8,17.4,7.5,9.1
,?United States,,,,,,,,
1001-1200,埃及不列颠大学,,-,3.1,1.3,18.7,1.9,4.2,3.5
,?Egypt,,,,,,,,
1001-1200,Brock University,,-,21.7,1.2,2.6,23.9,3.1,10.9
,?Canada,,,,,,,,
1001-1200,COMSATS信息技术研究所,,-,1.7,1.2,12.8,11.3,8.9,17.9
,?Pakistan,,,,,,,,
1001-1200,坎特伯雷基督教大学,,-,25.9,18.3,10,3.9,6.8,2
,?United Kingdom,,,,,,,,
1001-1200,科尔多瓦天主教大学,,-,3.9,1.3,23,1.2,4.3,2.9
,?Argentina,,,,,,,,
1001-1200,长荣大学,,-,5.3,2.3,39.1,1.9,3.9,2.7
,?Taiwan,,,,,,,,
,?4 QS Stars,,,,,,,,
1001-1200,中国政法大学,,-,5.7,4.8,15,1.2,5.2,9.5
,?China (Mainland),,,,,,,,
1001-1200,中原基督教大学,,-,10.4,1.9,5.1,14,4.6,4.5
,?Taiwan,,,,,,,,
1001-1200,忠北国立大学,,-,6.5,2.1,28.4,7.9,3.8,3
,?South Korea,,,,,,,,
1001-1200,蒂波尼格罗大学,,-,2.2,10.8,10.6,1.4,14.2,17.5
,?Indonesia,,,,,,,,
1001-1200,同志社大学,,-,4.4,8.3,6,2.3,8.6,15
,?Japan,,,,,,,,
1001-1200,爱琴海大学,,-,4,1,15.9,3.2,6.9,7.1
,?Turkey,,,,,,,,
1001-1200,国立理工学院,,-,1.6,2.6,27.5,3,5.7,9.3
,?Ecuador,,,,,,,,
1001-1200,高等政治学院（ESPOL）,,-,1.6,7.2,15.6,2.3,9.5,13.6
,?Ecuador,,,,,,,,
1001-1200,逢甲大学,,-,9.8,1.5,5,9.6,6.9,7.5
,?Taiwan,,,,,,,,
1001-1200,佛罗里达大西洋大学,,-,4.9,2.8,6.7,12.1,5.1,6.7
,?United States,,,,,,,,
1001-1200,辅仁大学,,-,17.9,2.7,7.4,6.4,6.7,8
,?Taiwan,,,,,,,,
1001-1200,加兹大学,,-,2.9,1.3,4.7,3.9,11.1,7.9
,?Turkey,,,,,,,,
1001-1200,格拉斯哥卡利多尼安大学,,-,44,17.6,5.5,9.2,4.6,6.4
,?United Kingdom,,,,,,,,
,推荐,,,,,,,,
1001-1200,哈珀亚当斯大学学院,,-,15.5,11.3,7.1,10.3,3.9,21.5
,?United Kingdom,,,,,,,,
1001-1200,伊玛目穆罕默德·本·沙特伊斯兰大学,,-,13.4,27,11.8,1.4,4.7,2.7
,?Saudi Arabia,,,,,,,,
1001-1200,印度信息技术研究所（IIIT） - 安拉哈巴德省,,-,2,1.1,13.6,14.3,3.4,5
,?India,,,,,,,,
1001-1200,伊尔库茨克州立大学,,-,5.2,1.2,29.4,1.5,3.5,1.7
,?Russia,,,,,,,,
1001-1200,伊斯坦布尔艾登大学,,-,55.3,3.4,14.4,1.4,3.2,2.8
,?Turkey,,,,,,,,
1001-1200,伊斯坦布尔Bilgi大学,,-,16.9,2.2,15,2.1,3.7,5.5
,?Turkey,,,,,,,,
,?4 QS Stars,,,,,,,,
1001-1200,伊凡弗兰柯利沃夫国立大学,,-,2,1.1,35.4,1.5,1,5.7
,?Ukraine,,,,,,,,
1001-1200,伊兹密尔技术学院（IYTE）,,-,3.6,1.7,6.1,13.8,4.8,2.4
,?Turkey,,,,,,,,
1001-1200,贾米亚·哈姆达德，新德里,,-,4.3,,11,12.5,4.3,2.8
,?India,,,,,,,,
1001-1200,济州国立大学,,-,6.2,1.3,24.9,3.5,3.2,2
,?South Korea,,,,,,,,
1001-1200,江原大学,,-,2.9,1.8,17,12.2,4,4.6
,?South Korea,,,,,,,,
1001-1200,肯特州立大学,,-,7.3,6.5,7.2,26.1,6.3,5.4
,?United States,,,,,,,,
1001-1200,先皇技术学院,,-,1.8,3.6,5.1,3.2,7.9,16.9
,?Thailand,,,,,,,,
,?4 QS Stars,,,,,,,,
1001-1200,国民大学,,-,28.7,2,25.2,4.3,3.8,3.7
,?South Korea,,,,,,,,
1001-1200,科威特大学,,-,28.4,19.3,5.1,3.4,11.8,6.9
,?Kuwait,,,,,,,,
1001-1200,利兹贝克特大学,,-,11.2,23.6,6.9,6.2,4.6,12.2
,?United Kingdom,,,,,,,,
,?5 QS Stars,,,,,,,,
1001-1200,马克雷雷大学,,-,9.7,3.7,3.9,4.9,9.4,8.3
,?Uganda,,,,,,,,
1001-1200,马凯特大学,,-,3.6,2,25.8,8.1,3.3,4.7
,?United States,,,,,,,,
1001-1200,明治大学,,-,5.2,1.7,5.5,2,6.9,19.2
,?Japan,,,,,,,,
1001-1200,迈阿密大学（俄亥俄）,,-,22.2,2.3,9.3,10.3,4.2,7.1
,?United States,,,,,,,,
1001-1200,密西西比州立大学,,-,3.9,3.4,10.2,20.9,5.6,9.3
,?United States,,,,,,,,
1001-1200,多媒体大学（MMU）,,-,16.6,4.6,16.2,6.7,7.4,17
,?Malaysia,,,,,,,,
1001-1200,穆斯林西里大学,,-,4.2,3.6,29,1.2,3,5.7
,?Iraq,,,,,,,,
1001-1200,慕达大学,,-,40.8,2.8,8.3,1.5,4.6,4.6
,?Jordan,,,,,,,,
,?5 QS Stars,,,,,,,,
1001-1200,名古屋工业大学 (NIT),,-,5.3,2,5.9,22.1,5.4,3.2
,?Japan,,,,,,,,
1001-1200,国立东华大学,,-,11,1.4,9.1,8.2,5.4,2.6
,?Taiwan,,,,,,,,
1001-1200,台湾海洋大学,,-,8.3,1.7,15,11.9,5.4,2.6
,?Taiwan,,,,,,,,
1001-1200,基辅-莫伊拉学院国立大学,,-,1.4,1.2,32.7,1.3,4.8,11.1
,?Ukraine,,,,,,,,
1001-1200,南北大学,,-,2.7,4.9,4.7,1.7,10.9,32.7
,?Bangladesh,,,,,,,,
1001-1200,西北大学,,-,3.2,1.5,8.2,10.3,6.6,9.1
,?South Africa,,,,,,,,
,?4 QS Stars,,,,,,,,
1001-1200,北亚利桑那大学,,-,5,1.3,5.9,12.4,6.8,6.1
,?United States,,,,,,,,
,?4 QS Stars,,,,,,,,
1001-1200,海得拉巴奥斯曼尼亚大学,,-,7,,4,16.6,4.4,3.6
,?India,,,,,,,,
1001-1200,俄亥俄大学,,-,4.5,2,6.4,18,9.2,12.7
,?United States,,,,,,,,
,?4 QS Stars,,,,,,,,
1001-1200,班贾布大学,,-,1.1,,4.6,15.1,5.2,3.6
,?India,,,,,,,,
1001-1200,蒙彼利埃第三大学,,-,39.1,2,3.8,1.5,12.8,2.5
,?France,,,,,,,,
1001-1200,厄瓜多尔天主教大学,,-,1.5,7.4,12.6,1.3,13,14.2
,?Ecuador,,,,,,,,
1001-1200,里奥格兰德天主教大学,,-,1.5,1.7,7.8,8.5,7,5.3
,?Brazil,,,,,,,,
1001-1200,波特兰州立大学,,-,8.1,1,9.8,12.9,4.7,3.8
,?United States,,,,,,,,
1001-1200,釜庆大学,,-,7.4,1.9,7.2,12,5.1,3.1
,?South Korea,,,,,,,,
1001-1200,立教大学,,-,7.3,10.3,17.3,2.7,3.6,9.3
,?Japan,,,,,,,,
1001-1200,罗彻斯特理工大学 (RIT),,-,19.9,1.9,23.1,9.2,4.9,7.6
,?United States,,,,,,,,
1001-1200,俄罗斯国立人文大学RGGU,,-,5.1,1.1,21,1.3,4.4,2.4
,?Russia,,,,,,,,
1001-1200,圣彼得堡矿业大学,,-,16.6,2.8,32.9,2.2,3.4,3.6
,?Russia,,,,,,,,
1001-1200,埼玉大学,,-,6.9,3.9,17.4,21.2,3.5,2.1
,?Japan,,,,,,,,
1001-1200,哈萨克农业大学,,-,5.3,3.3,20.8,1.2,5.7,4
,?Kazakhstan,,,,,,,,
1001-1200,圣地亚哥州立大学,,-,7.8,1.8,3.5,23.4,4.6,4.2
,?United States,,,,,,,,
1001-1200,国立首尔科学技术大学,,-,7.5,2.8,8.3,11.4,6.3,3.7
,?South Korea,,,,,,,,
1001-1200,德黑兰沙希德·贝什蒂大学,,-,1.9,1.1,4.7,23.7,8.2,6.4
,"?Iran, Islamic Republic of",,,,,,,,
1001-1200,上海外国语大学,,-,33.6,14.9,21.7,1.5,4.7,2.3
,?China (Mainland),,,,,,,,
1001-1200,谢菲尔德哈勒姆大学,,-,21,13.8,11.3,5.2,7.1,15.9
,?United Kingdom,,,,,,,,
,?5 QS Stars,,,,,,,,
1001-1200,西伯利亚联邦大学,,-,13.2,32.8,10.1,2.7,7.3,4
,?Russia,,,,,,,,
1001-1200,斯洛伐克农业大学，尼特拉,,-,3.1,3.1,19.7,3.9,3.4,3.6
,?Slovakia,,,,,,,,
1001-1200,淑明女子大学,,-,1.7,2.2,25.2,4.4,3.7,5
,?South Korea,,,,,,,,
1001-1200,苏伊士运河大学,,-,1.7,1.1,25.5,2.2,3.2,2.5
,?Egypt,,,,,,,,
1001-1200,泰拜大学,,-,2.7,99.5,5.5,2.5,4.2,1.7
,?Saudi Arabia,,,,,,,,
1001-1200,塔林大学,,-,23.7,24,8.1,11.6,8.2,7.4
,?Estonia,,,,,,,,
1001-1200,卢布林技术大学,,-,13.2,,19.4,5.8,4,1.6
,?Poland,,,,,,,,
1001-1200,工程电信学院,,-,2.4,4.8,24,1.3,5,6.2
,?Indonesia,,,,,,,,
,?4 QS Stars,,,,,,,,
1001-1200,塔帕尔大学,,-,1.9,1.9,8.7,34.3,1.9,3.5
,?India,,,,,,,,
1001-1200,俄罗斯赫尔辛国立教育大学,,-,44.3,1.1,29.8,1.2,3.4,1.9
,?Russia,,,,,,,,
1001-1200,奥西耶克大学,,-,,,34.8,2.7,3.3,1.3
,?Croatia,,,,,,,,
1001-1200,别尔哥罗德国立大学,,-,46.9,1.2,29.3,2.3,3.3,1.1
,?Russia,,,,,,,,
1001-1200,拉合尔大学,,-,2.3,1.3,14.8,1.7,8.3,12.7
,?Pakistan,,,,,,,,
1001-1200,北安普顿大学,,-,89.4,24.2,9,3.5,3.4,3.2
,?United Kingdom,,,,,,,,
,推荐,,,,,,,,
1001-1200,德克萨斯大学阿灵顿大学,,-,23.3,1.6,5,13,6.6,6.5
,?United States,,,,,,,,
1001-1200,东海大学（日本）,,-,3.6,2.2,17.1,3.6,11.2,7.5
,?Japan,,,,,,,,
1001-1200,托马斯拔佳大学，兹林,,-,22.5,7.8,16.7,7.8,4,10.8
,?Czech Republic,,,,,,,,
1001-1200,孙德胜大学,,-,1.9,46.1,8.4,6.6,6.2,7.1
,?Vietnam,,,,,,,,
1001-1200,安德烈斯·贝洛大学 - UNAB,,-,2,2.7,5.7,2.7,9.2,15.6
,?Chile,,,,,,,,
,?4 QS Stars,,,,,,,,
1001-1200,智利南方大学,,-,2.2,6.7,3.9,7,15.3,14.2
,?Chile,,,,,,,,
1001-1200,新莱昂自治大学（UANL）,,-,1.2,1.4,3,1.9,16.1,18.1
,?Mexico,,,,,,,,
1001-1200,厄瓜多尔中央大学,,-,,,11.9,1.2,8.3,8.6
,?Ecuador,,,,,,,,
1001-1200,桑坦德工业大学,,-,1.4,1.9,5.2,2.9,10.1,30.3
,?Colombia,,,,,,,,
,?3 QS Stars,,,,,,,,
1001-1200,委内瑞拉都会大学,,-,1.4,5.3,6.4,1.1,7.7,20.7
,?Venezuela,,,,,,,,
1001-1200,国立农业大学,,-,2.5,1.9,20.3,1.5,6.6,11.3
,?Peru,,,,,,,,
1001-1200,库约国立大学,,-,16.4,1.1,17.8,1.6,12.1,7.6
,?Argentina,,,,,,,,
1001-1200,马德普拉塔国立大学,,-,,,9.4,3.5,9.8,3.2
,?Argentina,,,,,,,,
1001-1200,里奥夸尔托国立大学,,-,,,39.9,1.6,4.8,1.1
,?Argentina,,,,,,,,
1001-1200,圣马丁全国大学（UNSAM）,,-,5.2,2.9,9.3,2.5,9.7,3.7
,?Argentina,,,,,,,,
1001-1200,亚松森国立大学,,-,1.6,,22.6,1.1,5.7,6.9
,?Paraguay,,,,,,,,
1001-1200,哥斯达黎加国立大学,,-,2.9,3.8,17.9,1.5,9.6,22.6
,?Costa Rica,,,,,,,,
1001-1200,秘鲁应用科技大学,,-,2.4,4.4,4.8,1.2,7.8,30
,?Peru,,,,,,,,
1001-1200,胡安卡洛斯国王大学,,-,18.6,4,5.7,4.5,7.3,10.2
,?Spain,,,,,,,,
1001-1200,哈瓦那科技大学,,-,5.3,1.4,18.8,1.1,6.2,1.2
,?Cuba,,,,,,,,
1001-1200,卡斯蒂利亚 - 拉曼恰大学,,-,4.4,1.2,18.3,11,8.4,2.1
,?Spain,,,,,,,,
1001-1200,科尔多瓦大学,,-,,,2.9,1.6,15.9,3.9
,?Colombia,,,,,,,,
1001-1200,拉弗龙特拉大学(UFRO),,-,1.3,2.6,3.2,11.5,8.3,5.9
,?Chile,,,,,,,,
1001-1200,利马大学,,-,2.2,1.7,5,1,9.5,36.4
,?Peru,,,,,,,,
,?4 QS Stars,,,,,,,,
1001-1200,蒙特雷大学,,-,1.9,4.1,12.1,1.4,11.2,13.8
,?Mexico,,,,,,,,
,?4 QS Stars,,,,,,,,
1001-1200,波多黎各大学,,-,1.5,1.8,7.4,3.9,10.5,8.1
,?Puerto Rico,,,,,,,,
1001-1200,塔尔卡大学,,-,1.4,9.4,6.3,5.9,10.3,12.1
,?Chile,,,,,,,,
1001-1200,瓦尔帕莱索大学,,-,1.6,2.5,10.7,3.3,9.6,10.1
,?Chile,,,,,,,,
1001-1200,德拉斯洛罗大学,,-,2,2.7,13.4,2.5,5.5,18.8
,?Chile,,,,,,,,
1001-1200,城北大学,,-,1.3,3.9,12.2,2.4,9,29.6
,?Colombia,,,,,,,,
1001-1200,太平洋大学,,-,1.3,4.9,4.2,2.4,7.8,38.2
,?Peru,,,,,,,,
1001-1200,弗鲁米嫩塞联邦大学,,-,1.7,2,14.3,3.7,8.4,3.4
,?Brazil,,,,,,,,
1001-1200,巴伊亚联邦大学,,-,1.6,2,10.6,3.3,8.2,3.1
,?Brazil,,,,,,,,
1001-1200,茹伊斯迪福拉联邦大学,,-,,,35.7,3.1,3.5,3
,?Brazil,,,,,,,,
1001-1200,佩洛塔斯联邦大学,,-,,,30.9,6.1,3.5,1.4
,?Brazil,,,,,,,,
1001-1200,维索萨联邦大学,,-,2,1.4,15.8,8.5,4.9,2.4
,?Brazil,,,,,,,,
1001-1200,塞阿拉联邦大学（UFC）,,-,1.5,1.4,13.7,5.9,6.9,3.6
,?Brazil,,,,,,,,
1001-1200,维戈大学,,-,4,1.2,11,17.8,7,5
,?Spain,,,,,,,,
1001-1200,里约热内卢州立大学 (UERJ),,-,1.2,1.6,18,3.4,9.1,5.8
,?Brazil,,,,,,,,
1001-1200,加布里埃莱·达嫩齐奥大学,,-,3.5,1.6,3.7,23.5,3.2,1.2
1001-1200,布拉维亚大学,,-,1.8,2,8.6,1.3,13.7,17.8
,?Indonesia,,,,,,,,
1001-1200,哈桑丁大学,,-,1.9,2.3,11.1,1.4,10.1,5.6
,?Indonesia,,,,,,,,
1001-1200,蒂米什瓦拉西部大学,,-,6.1,1.1,5.7,2.8,10.6,4.3
,?Romania,,,,,,,,
1001-1200,马来西亚沙巴大学（UMS）,,-,4.4,5.5,7.3,3.8,14.5,9.7
,?Malaysia,,,,,,,,
1001-1200,马来西亚沙捞越大学（UNIMAS）,,-,7.9,19.7,13.5,3.3,11.6,8
,?Malaysia,,,,,,,,
1001-1200,马来西亚登嘉楼大学,,-,6.1,4.8,12.7,6.2,9,4.6
,?Malaysia,,,,,,,,
1001-1200,费萨拉巴德农业大学,,-,1.1,1.6,1.6,27.3,5.2,8.8
,?Pakistan,,,,,,,,
1001-1200,阿肯色大学,,-,4.8,2.1,7.2,12.4,7.6,6.5
,?United States,,,,,,,,
1001-1200,贝尔格莱德大学,,-,5.1,1.4,3.9,6.5,16.7,9.1
,?Serbia,,,,,,,,
1001-1200,比亚韦斯托克大学,,-,6.1,,32.5,2.9,4.8,2.6
,?Poland,,,,,,,,
1001-1200,布加勒斯特大学,,-,2.5,1.2,8.8,4.1,16.8,7.8
,?Romania,,,,,,,,
1001-1200,卡拉布里亚大学,,-,3.6,2.5,3.3,28.7,5,1.8
,?Italy,,,,,,,,
1001-1200,科伦坡大学,,-,1.3,1,3.2,2.7,10.6,15.7
,?Sri Lanka,,,,,,,,
1001-1200,德比大学,,-,41.7,14.1,14.3,4,3.5,5.5
,?United Kingdom,,,,,,,,
,推荐,,,,,,,,
1001-1200,加纳大学,,-,2,2,3.6,5.2,9.4,7.2
,?Ghana,,,,,,,,
1001-1200,对外经济贸易大学,,-,37,2.6,12.1,2.2,3.3,2.1
,?China (Mainland),,,,,,,,
1001-1200,卡拉奇大学,,-,1.1,1.6,1.6,4.5,10.2,12.1
,?Pakistan,,,,,,,,
1001-1200,库法大学,,-,1.1,1.8,35.3,1.3,4.4,10.6
,?Iraq,,,,,,,,
1001-1200,拉脱维亚大学,,-,8.9,6.2,5.3,9.5,12,13.9
,?Latvia,,,,,,,,
1001-1200,米什科尔茨大学,,-,5.9,1.6,27.7,2.2,5.8,6.4
,?Hungary,,,,,,,,
1001-1200,蒙大拿大学,,-,2.4,1,17,23.7,2.4,2.6
,?United States,,,,,,,,
1001-1200,孟买大学,,-,1.1,1.2,1.6,16.1,9.7,17.4
,?India,,,,,,,,
1001-1200,内罗毕大学,,-,,,15.4,1.9,8.9,12
,?Kenya,,,,,,,,
1001-1200,尼斯大学,,-,7.3,,15.7,3.4,4.4,5.2
,?Serbia,,,,,,,,
1001-1200,北卡罗来纳大学夏洛特分校,,-,7.8,4.7,6.5,14,6.1,5.5
,?United States,,,,,,,,
1001-1200,北德克萨斯大学,,-,9.3,,4.2,21.5,7.6,8.4
,?United States,,,,,,,,
1001-1200,诺维萨德大学,,-,,,11,3.4,7.8,5.5
,?Serbia,,,,,,,,
1001-1200,俄斯特拉发大学,,-,14.5,8,23.4,4,5.4,1.1
,?Czech Republic,,,,,,,,
1001-1200,帕尔杜比采大学,,-,7.9,,31,7.8,4.9,2.5
,?Czech Republic,,,,,,,,
1001-1200,佩拉德尼亚大学,,-,1.5,1,18.1,2.3,7.2,9.2
,?Sri Lanka,,,,,,,,
1001-1200,罗德岛大学,,-,2.9,2.5,9.9,17.1,4.8,3.5
,?United States,,,,,,,,
1001-1200,里耶卡大学,,-,1.6,1.3,29.1,3.5,5,2.6
,?Croatia,,,,,,,,
1001-1200,圣地亚哥大学,,-,10.5,1.2,23.5,4,7.6,6.5
,?United States,,,,,,,,
1001-1200,旧金山大学,,-,27.4,1.3,14.6,5,8,4.7
,?United States,,,,,,,,
1001-1200,西里西亚大学,,-,3.7,,13,7.9,5.4,4.4
,?Poland,,,,,,,,
1001-1200,南阿拉巴马大学,,-,2.5,,18,6.5,4.9,5.6
,?United States,,,,,,,,
1001-1200,德克萨斯大学艾尔帕索分校,,-,9,2.4,5.9,19.5,4.9,2.6
,?United States,,,,,,,,
1001-1200,西波希米亚大学,,-,,,14,5.1,5.8,1.9
,?Czech Republic,,,,,,,,
1001-1200,伍尔弗汉普顿大学,,-,59.2,20.7,10,7.8,3.2,2.5
,?United Kingdom,,,,,,,,
,?4 QS Stars,,,,,,,,
1001-1200,太平洋大学（加利福尼亚）,,-,7.9,1.4,36.2,5.7,2.4,4.1
,?United States,,,,,,,,
1001-1200,阳光海岸大学,,-,41.3,1.4,2.2,24.7,3.2,3
,?Australia,,,,,,,,
1001-1200,西开普大学,,-,6.5,10.5,4.1,20,7.6,6
,?South Africa,,,,,,,,
1001-1200,图西亚大学,,-,5.1,3.4,8.1,24.4,3.1,1
,?Italy,,,,,,,,
1001-1200,锡根大学,,-,20.6,16.6,10.5,6.5,4.1,2.2
,?Germany,,,,,,,,
1001-1200,里昂第三大学,,-,32.4,10.3,1.7,1.7,8,4.9
,?France,,,,,,,,
1001-1200,里昂第二大学,,-,20.4,12.8,10,3.5,12,2.1
,?France,,,,,,,,
1001-1200,巴黎楠泰尔大学,,-,1.6,3.6,3.2,2.9,12.2,4
,?France,,,,,,,,
1001-1200,普瓦捷大学,,-,33,,5.6,8.9,9,2.5
,?France,,,,,,,,
1001-1200,图卢兹第二大学,,-,24.9,15.2,1.1,3.5,10.9,2.4
,?France,,,,,,,,
1001-1200,犹他州立大学,,-,2,,6.8,29.3,6.6,4.1
,?United States,,,,,,,,
1001-1200,俄斯特拉发技术大学,,-,25.8,2.3,10.3,4,4.4,8.2
,?Czech Republic,,,,,,,,
1001-1200,维多利亚大学,,-,2.6,5.9,9.8,12.7,8.3,8
,?India,,,,,,,,
1001-1200,沃罗涅日州立大学,,-,36.1,1.5,26,1.3,6.2,2.1
,?Russia,,,,,,,,
,?3 QS Stars,,,,,,,,
1001-1200,华沙生命科学大学,,-,9.1,1.3,23.7,4.9,7.7,6.5
,?Poland,,,,,,,,
1001-1200,西密歇根大学,,-,12.4,6.7,10.5,7.1,7.2,7
,?United States,,,,,,,,
1001-1200,青山大学,,-,6.3,1.4,16,1.2,4.3,8.1
,?South Korea,,,,,,,,
1001-1200,元智大学,,-,8.1,2,6.5,17,4.4,5.1
,?Taiwan,,,,,,,,
,?4 QS Stars,,,,,,,,
1201+,唐州技术大学,,-,15,1.1,11.8,1.4,3.8,2.7
,?Russia,,,,,,,,
1201+,阿克登尼兹大学,,-,1.1,1,4,3.1,4.4,2.9
,?Turkey,,,,,,,,
1201+,阿尔巴尔卡应用大学,,-,6.2,2.4,5,2.1,3.4,4.9
,?Jordan,,,,,,,,
1201+,亚历山德鲁伊万库扎大学,,-,9.4,1.6,4.9,3.6,8.3,5
,?Romania,,,,,,,,
1201+,青山学院大学,,-,3.4,7,5.8,2.7,5.7,12.1
,?Japan,,,,,,,,
1201+,巴哈德丁扎卡里亚大学,,-,1,,1.6,11,4.9,5.6
,?Pakistan,,,,,,,,
1201+,比尔泽特大学,,-,5,5.5,5.3,2.2,5.3,7.9
,"?Palestinian Territory, Occupied",,,,,,,,
1201+,切库罗瓦大学,,-,5.6,1.4,3.4,3.5,3.6,1.7
,?Turkey,,,,,,,,
1201+,大马士革大学,,-,1.7,1.7,1,1.2,5.2,4.6
,?Syrian Arab Republic,,,,,,,,
1201+,杜库斯埃勒大学,,-,1.1,1.3,3.2,3.5,4.4,4.5
,?Turkey,,,,,,,,
1201+,德国大学，开罗,,-,1.2,5.6,8.7,2,6.5,6.6
,?Egypt,,,,,,,,
1201+,河内科技大学,,-,1.2,1.5,4.1,5.2,7.8,6.4
,?Vietnam,,,,,,,,
1201+,赫尔湾大学,,-,2.2,1,5.1,1.5,5.8,7.2
,?Egypt,,,,,,,,
1201+,弘益大学,,-,10,8.6,9.7,3.6,4.2,5
,?South Korea,,,,,,,,
1201+,瓜达拉哈拉耶稣会大学 ITESO,,-,1.4,1.5,,1.1,5.6,8.1
,?Mexico,,,,,,,,
1201+,印第安纳州立大学,,-,3.6,1.2,7.6,3.8,6,6.5
,?United States,,,,,,,,
1201+,近畿大学,,-,1.9,4.2,11.6,5,3.9,5
,?Japan,,,,,,,,
1201+,锡比乌大学,,-,2.5,1.1,7.3,1.7,3.8,2.3
,?Romania,,,,,,,,
,?4 QS Stars,,,,,,,,
1201+,俄罗斯技术大学（MIREA）,,-,4,1.1,12.4,1.5,2.7,3.3
,?Russia,,,,,,,,
1201+,曼苏拉大学,,-,3,1.2,4.1,2.3,10.8,4.9
,?Egypt,,,,,,,,
1201+,马尔马拉大学,,-,4.3,1.4,7.9,2.4,4.1,3.6
,?Turkey,,,,,,,,
1201+,莫斯科城市大学,,-,4,1.2,7.5,1,2.6,1.7
,?Russia,,,,,,,,
1201+,莫斯科国立师范大学,,-,25.1,1.1,9,1.5,5.1,2.5
,?Russia,,,,,,,,
1201+,国家研究型大学“莫斯科动力学院”,,-,33,2.2,11,1.9,3.7,3.3
,?Russia,,,,,,,,
,?4 QS Stars,,,,,,,,
1201+,国立台北大学,,-,4.4,1.2,9.1,4,7.1,3.9
,?Taiwan,,,,,,,,
1201+,巴拉那天主教大学,,-,1.8,1.1,4.2,4,3.6,3.5
,?Brazil,,,,,,,,
1201+,俄罗斯国立农业大学,,-,6.3,1.1,12.7,1.2,4.3,3.4
,?Russia,,,,,,,,
1201+,SRM大学,,-,2.1,1.1,12,2.8,4.1,7.3
,?India,,,,,,,,
,?4 QS Stars,,,,,,,,
1201+,萨卡里亚大学,,-,11.6,1.1,2.4,3.2,2.6,2.5
,?Turkey,,,,,,,,
1201+,上海财经大学,,-,4,2.3,11.8,2.8,5,4
,?China (Mainland),,,,,,,,
1201+,芝浦工业大学,,-,14.7,4.4,2.4,7.2,3.5,2.9
,?Japan,,,,,,,,
1201+,东吴大学（台湾）,,-,4.7,1.7,5.6,2,4.7,5.6
,?Taiwan,,,,,,,,
1201+,西南大学,,-,1.9,1.1,15.1,5.7,3.7,1.6
,?China (Mainland),,,,,,,,
1201+,苏恰瓦大学,,-,37.9,1.2,7.5,3.9,3.6,1.8
,?Romania,,,,,,,,
1201+,苏丹科技大学,,-,2.1,1,5,1.2,3.5,3.2
,?Sudan,,,,,,,,
1201+,泰国苏兰拉工业大学,,-,1.7,1.9,3.1,7.6,5.7,3.5
,?Thailand,,,,,,,,
,?4 QS Stars,,,,,,,,
1201+,台湾淡江大学,,-,11,2.5,3.4,5.5,5.2,5.2
,?Taiwan,,,,,,,,
1201+,坦达大学,,-,2.1,1,4.8,2.1,4.7,2.1
,?Egypt,,,,,,,,
1201+,克卢日纳波卡技术大学,,-,2.7,1,8.7,3.2,5.1,3.9
,?Romania,,,,,,,,
,?4 QS Stars,,,,,,,,
1201+,格奥尔基·阿萨卡技术大学,,-,6,,2.6,7.3,6,4.3
,?Romania,,,,,,,,
1201+,哈希姆大学,,-,7.4,2.9,4.5,3,5.5,8.3
,?Jordan,,,,,,,,
1201+,澳洲圣母大学,,-,2,1.4,2.9,7,4.1,6.8
,?Australia,,,,,,,,
1201+,巴甫洛达尔国立大学,,-,3.3,1.4,17.4,1.2,3.8,3.3
,?Kazakhstan,,,,,,,,
1201+,罗马尼亚布拉索夫特兰西瓦大学,,-,2.1,1.3,7.1,2.9,4.2,2.6
,?Romania,,,,,,,,
1201+,东海大学,,-,16,4.3,5.9,3.9,5.3,6
,?Taiwan,,,,,,,,
1201+,尤卡坦自治大学,,-,1.1,1.2,5.9,2.5,5.3,2.1
,?Mexico,,,,,,,,
1201+,南下加利福尼亚州自治大学,,-,2.9,1.3,4.6,1.6,8.2,5.1
,?Mexico,,,,,,,,
1201+,智利大学,,-,1.3,2.3,8.1,2.4,4.9,2.8
,?Chile,,,,,,,,
1201+,克雷塔罗自治大学,,-,1.7,2.1,8.8,2.6,4.8,4.3
,?Mexico,,,,,,,,
1201+,圣路易斯波托西自治大学,,-,1.5,1.1,6.5,2.7,6.7,2.3
,?Mexico,,,,,,,,
1201+,自治大学德尔斯卡德莫雷洛斯,,-,1.2,1.3,9.8,1.8,4.1,2.4
,?Mexico,,,,,,,,
1201+,贝纳多奥希金斯大学,,-,2,2.4,10.4,2.1,2.8,1.3
,?Chile,,,,,,,,
1201+,玻利维亚大学,,-,3.4,1.3,3.5,1.1,4.4,6.5
,?Bolivia,,,,,,,,
,?3 QS Stars,,,,,,,,
1201+,哥伦比亚天主教大学,,-,1.3,1.8,5.9,1.3,4.3,8
,?Colombia,,,,,,,,
1201+,圣地亚哥瓜亚基尔天主教大学,,-,1,1.6,2.5,1.2,3.2,7
,?Ecuador,,,,,,,,
1201+,城北天主教大学,,-,2.4,5.7,6.2,7,5.2,4.6
,?Chile,,,,,,,,
1201+,圣安德烈市长大学,,-,1.1,1.3,2.4,1.3,5.9,4
,?Bolivia,,,,,,,,
1201+,洪都拉斯国立自治大学（UNAH）,,-,,1.1,3.7,1,4.3,6.5
,?Honduras,,,,,,,,
1201+,基尔梅斯国立大学,,-,2.1,1.4,3.6,1.8,6.8,2.7
,?Argentina,,,,,,,,
1201+,图库曼国立大学,,-,,,3.2,1.9,7.6,3
,?Argentina,,,,,,,,
1201+,德尔滨海国立大学,,-,1.1,1.1,2.2,2.9,11,6.6
,?Argentina,,,,,,,,
,?3 QS Stars,,,,,,,,
1201+,国立大学戴尔苏尔,,-,,,9.6,2.9,5.9,3.1
,?Argentina,,,,,,,,
1201+,洛约拉大学 (USIL),,-,1.6,1.5,1.9,1.1,5.3,13.9
,?Peru,,,,,,,,
1201+,玻利瓦尔技术学院,,-,1.3,2.6,3.4,2,3.5,5.7
,?Colombia,,,,,,,,
1201+,佩雷拉科技大学,,-,1,1.1,4.2,1.8,4.3,8.7
,?Colombia,,,,,,,,
1201+,瓜纳华托大学,,-,1.8,2.4,9.4,3.3,7.8,3.5
,?Mexico,,,,,,,,
1201+,拉萨尔大学,,-,1.6,1.5,5.9,1.2,5.8,7.6
,?Colombia,,,,,,,,
,?4 QS Stars,,,,,,,,
1201+,德拉塞雷纳大学,,-,1.4,3.2,1.9,8.3,3.4,3.3
,?Chile,,,,,,,,
1201+,麦德林大学,,-,2.3,1.5,5.5,1.8,6.6,10.3
,?Colombia,,,,,,,,
,?3 QS Stars,,,,,,,,
1201+,巴拿马大学（UP）,,-,3,1.3,4.9,1.1,6.2,18.2
,?Panama,,,,,,,,
1201+,索诺拉大学,,-,1.7,1.5,5.5,1.8,4.1,2.2
,?Mexico,,,,,,,,
1201+,厄瓜多尔军事理工学院,,-,1.1,1.8,11.1,1.8,4.4,8.7
,?Ecuador,,,,,,,,
1201+,比奥比奥大学,,-,1.4,3.3,3.7,3,7.6,5.7
,?Chile,,,,,,,,
1201+,萨尔瓦多大学,,-,7.8,,13.5,1.1,4.1,13.6
,?Argentina,,,,,,,,
1201+,隆德里纳州立大学,,-,1.3,1.2,17.1,4.2,3.1,4.3
,?Brazil,,,,,,,,
1201+,帕拉伊巴州联邦大学,,-,1.3,1.3,14.5,3.2,3.6,3.2
,?Brazil,,,,,,,,
1201+,戈亚斯州联邦大学,,-,1.3,1.5,8.4,4.2,3.4,1.6
,?Brazil,,,,,,,,
1201+,圣玛丽亚联邦大学,,-,1.4,1.3,13.1,5.4,4.5,1.7
,?Brazil,,,,,,,,
1201+,安达拉斯大学,,-,1.2,1,5.4,1.3,5.4,2.7
,?Indonesia,,,,,,,,
1201+,梭罗大学,,-,1.2,1.1,6.6,1.1,4.2,1.7
,?Indonesia,,,,,,,,
1201+,马凯特大学,,-,1.5,3.4,11.2,1.4,7.4,5.6
,?Indonesia,,,,,,,,
,?3 QS Stars,,,,,,,,
1201+,北苏门答腊大学,,-,2.3,1.2,15.7,1.3,5,3.2
,?Indonesia,,,,,,,,
,?3 QS Stars,,,,,,,,
1201+,布加勒斯特理工大学,,-,3.2,1.1,4.8,7,6.4,5.6
,?Romania,,,,,,,,
1201+,蒂米什瓦拉理工大学,,-,2.1,1,10.6,3.9,3.3,2.9
,?Romania,,,,,,,,
1201+,巴比伦大学,,-,1,1,17.6,1.8,3.6,6.4
,?Iraq,,,,,,,,
1201+,巴士拉大学,,-,,1,12.6,1.4,4.1,6.3
,?Iraq,,,,,,,,
1201+,喀土穆大学,,-,1.7,,12,2.5,5.9,7.6
,?Sudan,,,,,,,,
1201+,克拉古耶瓦茨大学,,-,1.1,1,16.8,3.3,3.7,3.9
,?Serbia,,,,,,,,
1201+,萨拉热窝大学,,-,3.5,,4.3,2.1,4.6,3.8
,?Bosnia and Herzegovina,,,,,,,,
1201+,斯普利特大学,,-,2.6,1.7,3,3.9,5.1,2.3
,?Croatia,,,,,,,,
1201+,贝尔加莫大学,,-,7.8,5.9,3.9,5.2,4.7,2.8
,?Italy,,,,,,,,
1201+,穆罕默德大学 - 阿格达尔大学,,-,2.4,,4.2,2.9,3,2.9
,?Morocco,,,,,,,,
1201+,卡昂大学,,-,8.2,3.3,6.9,3.4,7.8,2.7
,?France,,,,,,,,
1201+,突尼斯大学,,-,,,19.1,1.5,5,1.4
,?Tunisia,,,,,,,,
1201+,突尼斯萨尔瓦多马纳尔大学,,-,1.9,1.2,14.5,3.5,5.5,1.6
,?Tunisia,,,,,,,,
1201+,耶尔穆克大学,,-,11,1.2,1.9,2.2,9.3,10.2
,?Jordan,,,,,,,,
1201+,伊尔第兹技术大学,,-,8.9,1.1,6.1,5.4,5.6,10.5
,?Turkey,,,,,,,,
1201+,萨格吉奇大学,,-,1.9,1,3.4,2.2,4.7,2.8
,?Egypt,,,,,,,,
